timestamp,panel_id,defect_type,severity,confidence,irradiation,ambient_temp_c,module_temp_c,dc_power_kw,ac_power_kw,efficiency_pct,panel_capacity_kw,panel_age_years
2024-01-01 11:48:00,maintenance01@solarfarm.com,Dusty,info,93.9,0.477,13.6,38.8,1.256,1.201,76.9,0.45,7.0
2024-01-02 07:24:00,green.energy.eg@gmail.com,Dusty,info,87.7,0.135,12.9,31.8,0.083,0.079,69.9,1.5,17.0
2024-01-02 07:42:00,reemya185@gmail.com,Dusty,info,87.0,0.141,16.7,35.6,0.092,0.088,74.5,0.6,9.0
2024-01-02 11:30:00,maintenance01@solarfarm.com,Dusty,info,92.0,0.494,12.1,35.8,1.43,1.352,83.6,0.4,6.0
2024-01-02 17:55:00,green.energy.eg@gmail.com,Bird-drop,warning,84.0,0.258,12.5,31.1,0.372,0.356,84.8,0.4,7.0
2024-01-03 17:04:00,inspector_m@yahoo.com,Dusty,info,83.3,0.263,12.6,33.7,0.348,0.327,76.4,0.72,14.0
2024-01-05 10:54:00,nora.renewables@hotmail.com,Clean,info,97.3,0.478,17.1,44.2,1.271,1.199,87.1,0.72,12.0
2024-01-06 07:19:00,nora.renewables@hotmail.com,Dusty,info,94.0,0.139,14.8,32.8,0.098,0.092,79.0,5.0,4.0
2024-01-06 13:44:00,pvtech.uae@gmail.com,Physical-damage,critical,88.1,0.584,14.4,39.9,1.324,1.258,62.0,1.5,5.0
2024-01-06 17:14:00,pvtech.uae@gmail.com,Bird-drop,warning,84.8,0.245,16.4,38.4,0.355,0.332,83.3,10.0,7.0
2024-01-08 09:33:00,fatima.pv@outlook.com,Electrical-damage,critical,89.6,0.328,12.7,36.7,0.359,0.339,44.5,0.72,5.0
2024-01-08 11:11:00,fatima.pv@outlook.com,Dusty,info,88.6,0.565,13.0,38.5,1.466,1.397,75.6,1.0,8.0
2024-01-08 14:18:00,green.energy.eg@gmail.com,Clean,info,93.2,0.475,12.1,38.1,1.473,1.407,90.5,1.5,5.0
2024-01-09 11:44:00,nora.renewables@hotmail.com,Clean,info,95.8,0.51,14.2,40.3,1.567,1.47,88.1,10.0,8.0
2024-01-09 11:44:00,fatima.pv@outlook.com,Clean,info,91.9,0.493,15.5,40.5,1.513,1.442,89.4,2.0,15.0
2024-01-10 12:02:00,pvtech.uae@gmail.com,Bird-drop,warning,91.7,0.558,14.6,39.2,1.613,1.541,79.5,2.0,12.0
2024-01-11 10:56:00,solarcheck.qa@gmail.com,Bird-drop,warning,82.5,0.495,14.0,37.0,1.183,1.129,79.2,1.0,4.0
2024-01-12 09:28:00,green.energy.eg@gmail.com,Clean,info,93.1,0.325,17.7,41.6,0.704,0.669,88.7,0.72,5.0
2024-01-12 15:42:00,inspector_m@yahoo.com,Snow-covered,warning,88.6,0.43,15.4,37.1,0.541,0.507,40.9,0.6,7.0
2024-01-13 08:24:00,inspector_m@yahoo.com,Bird-drop,warning,83.5,0.256,13.7,35.5,0.386,0.369,88.6,0.45,9.0
2024-01-14 07:37:00,pvtech.uae@gmail.com,Electrical-damage,critical,87.7,0.123,15.7,31.2,0.06,0.057,55.3,0.25,7.0
2024-01-14 10:16:00,maintenance01@solarfarm.com,Bird-drop,warning,86.5,0.473,14.7,39.4,1.136,1.072,78.7,0.72,5.0
2024-01-14 15:29:00,nora.renewables@hotmail.com,Dusty,info,88.5,0.457,12.3,35.1,1.135,1.059,80.4,5.0,6.0
2024-01-15 15:54:00,reemya185@gmail.com,Dusty,info,92.0,0.474,16.0,39.1,1.014,0.971,71.1,0.25,5.0
2024-01-16 15:50:00,solar.ops.ksa@gmail.com,Physical-damage,critical,89.9,0.448,14.1,38.6,0.555,0.519,40.2,3.0,13.0
2024-01-18 17:49:00,ahmed.solar@gmail.com,Bird-drop,warning,93.0,0.266,15.8,34.4,0.402,0.375,86.7,0.72,10.0
2024-01-19 09:20:00,nora.renewables@hotmail.com,Clean,info,96.5,0.328,14.1,35.0,0.731,0.701,92.1,2.0,7.0
2024-01-19 14:41:00,reemya185@gmail.com,Dusty,info,88.8,0.47,15.9,38.5,1.13,1.071,69.6,0.6,10.0
2024-01-23 12:52:00,fatima.pv@outlook.com,Clean,info,89.8,0.468,12.4,36.6,1.551,1.485,91.3,0.4,8.0
2024-01-24 18:15:00,fatima.pv@outlook.com,Physical-damage,critical,92.8,0.134,13.9,34.0,0.064,0.061,54.3,5.0,8.0
2024-01-25 10:13:00,solarcheck.qa@gmail.com,Clean,info,92.4,0.391,17.2,42.1,1.049,1.007,89.4,5.0,6.0
2024-01-26 08:59:00,pvtech.uae@gmail.com,Physical-damage,critical,88.4,0.269,13.5,32.4,0.205,0.195,44.6,0.5,8.0
2024-01-26 12:50:00,solar.ops.ksa@gmail.com,Clean,info,88.5,0.48,16.2,41.6,1.557,1.489,89.3,1.0,19.0
2024-01-27 14:00:00,inspector_m@yahoo.com,Dusty,info,89.8,0.469,14.9,40.8,1.228,1.16,75.6,1.0,11.0
2024-01-28 11:10:00,reemya185@gmail.com,Bird-drop,warning,87.3,0.446,15.1,36.5,1.204,1.149,78.7,0.72,12.0
2024-01-29 12:19:00,solar.ops.ksa@gmail.com,Clean,info,91.3,0.515,15.8,41.1,1.674,1.6,89.4,0.5,4.0
2024-01-31 18:12:00,maintenance01@solarfarm.com,Clean,info,94.2,0.125,17.0,33.4,0.101,0.096,91.7,0.25,8.0
2024-02-01 18:30:00,inspector_m@yahoo.com,Bird-drop,warning,89.5,0.129,16.4,32.8,0.097,0.092,85.1,3.0,6.0
2024-02-02 13:05:00,inspector_m@yahoo.com,Electrical-damage,critical,97.3,0.666,15.4,44.2,0.936,0.878,37.9,8.0,4.0
2024-02-02 17:52:00,ahmed.solar@gmail.com,Dusty,info,87.0,0.31,17.8,38.4,0.381,0.359,71.2,0.25,7.0
2024-02-03 11:12:00,solar.ops.ksa@gmail.com,Clean,info,96.7,0.544,15.4,42.9,1.653,1.552,87.2,0.33,3.0
2024-02-04 09:06:00,reemya185@gmail.com,Dusty,info,85.0,0.43,14.6,39.9,0.757,0.717,71.8,1.0,5.0
2024-02-05 16:36:00,pvtech.uae@gmail.com,Snow-covered,warning,86.3,0.435,15.7,41.8,0.191,0.178,17.6,1.5,11.0
2024-02-06 07:56:00,solarcheck.qa@gmail.com,Electrical-damage,critical,88.5,0.163,19.6,35.8,0.069,0.065,47.6,10.0,10.0
2024-02-06 15:17:00,inspector_m@yahoo.com,Clean,info,96.1,0.534,18.4,43.3,1.426,1.329,86.4,0.6,10.0
2024-02-06 16:50:00,solarcheck.qa@gmail.com,Dusty,info,95.2,0.399,14.2,37.4,0.683,0.655,70.7,0.45,3.0
2024-02-07 10:27:00,inspector_m@yahoo.com,Dusty,info,81.8,0.435,16.5,39.1,0.968,0.915,73.0,10.0,5.0
2024-02-07 16:51:00,inspector_m@yahoo.com,Bird-drop,warning,85.6,0.362,16.5,41.1,0.739,0.696,82.8,1.5,2.0
2024-02-07 17:42:00,ahmed.solar@gmail.com,Clean,info,88.8,0.289,15.8,34.8,0.452,0.429,91.3,0.72,4.0
2024-02-14 17:38:00,reemya185@gmail.com,Electrical-damage,critical,98.2,0.289,14.1,32.9,0.278,0.264,56.2,0.4,4.0
2024-02-14 18:52:00,reemya185@gmail.com,Clean,info,88.9,0.143,14.4,33.3,0.116,0.111,92.7,0.4,17.0
2024-02-15 12:51:00,nora.renewables@hotmail.com,Dusty,info,88.0,0.668,15.1,40.5,2.04,1.943,83.7,1.0,14.0
2024-02-16 15:07:00,pvtech.uae@gmail.com,Clean,info,90.2,0.512,14.8,41.5,1.377,1.308,88.7,0.4,5.0
2024-02-18 13:41:00,green.energy.eg@gmail.com,Clean,info,95.9,0.593,14.7,44.3,1.901,1.816,88.1,0.25,5.0
2024-02-19 13:56:00,green.energy.eg@gmail.com,Snow-covered,warning,87.1,0.616,17.1,46.7,0.74,0.7,32.7,0.3,17.0
2024-02-19 14:59:00,green.energy.eg@gmail.com,Dusty,info,89.0,0.595,14.4,43.1,1.563,1.456,74.8,0.25,8.0
2024-02-20 17:18:00,solar.ops.ksa@gmail.com,Physical-damage,critical,93.6,0.31,18.3,40.1,0.301,0.288,57.1,0.25,6.0
2024-02-21 12:05:00,solarcheck.qa@gmail.com,Snow-covered,warning,87.7,0.571,18.2,42.7,0.649,0.617,31.1,0.6,7.0
2024-02-24 18:42:00,ahmed.solar@gmail.com,Electrical-damage,critical,97.4,0.128,18.2,39.4,0.048,0.045,42.0,8.0,6.0
2024-02-26 10:14:00,pvtech.uae@gmail.com,Physical-damage,critical,89.7,0.549,14.8,40.9,0.889,0.838,53.0,5.0,9.0
2024-02-26 17:12:00,ahmed.solar@gmail.com,Dusty,info,94.3,0.299,18.8,43.1,0.35,0.33,67.9,5.0,10.0
2024-02-27 16:24:00,solarcheck.qa@gmail.com,Clean,info,90.3,0.383,18.3,43.1,0.825,0.773,87.0,5.0,8.0
2024-02-28 10:58:00,nora.renewables@hotmail.com,Clean,info,96.1,0.55,15.3,41.9,1.477,1.402,88.5,0.72,12.0
2024-02-29 11:58:00,reemya185@gmail.com,Physical-damage,critical,94.6,0.521,14.4,37.4,1.286,1.198,70.3,0.72,4.0
2024-03-01 07:38:00,maintenance01@solarfarm.com,Physical-damage,critical,84.6,0.18,20.7,40.7,0.067,0.063,41.8,2.0,9.0
2024-03-01 15:24:00,ahmed.solar@gmail.com,Dusty,info,84.7,0.609,23.2,51.4,1.431,1.366,77.9,1.5,20.0
2024-03-01 16:09:00,maintenance01@solarfarm.com,Clean,info,97.7,0.51,23.9,50.7,1.062,1.002,84.7,0.4,4.0
2024-03-02 11:50:00,solarcheck.qa@gmail.com,Dusty,info,92.6,0.575,23.6,49.5,1.489,1.428,75.9,0.25,8.0
2024-03-02 12:25:00,nora.renewables@hotmail.com,Electrical-damage,critical,91.4,0.742,18.6,46.6,1.551,1.457,56.5,8.0,9.0
2024-03-02 14:45:00,maintenance01@solarfarm.com,Dusty,info,93.9,0.7,18.1,43.8,1.783,1.677,73.2,0.72,6.0
2024-03-02 17:20:00,nora.renewables@hotmail.com,Clean,info,92.1,0.357,18.1,42.8,0.539,0.51,87.8,0.72,18.0
2024-03-03 10:53:00,reemya185@gmail.com,Physical-damage,critical,94.2,0.597,20.0,44.6,0.892,0.851,49.5,5.0,8.0
2024-03-04 16:33:00,solarcheck.qa@gmail.com,Electrical-damage,critical,95.2,0.438,21.0,43.6,0.36,0.337,33.2,0.72,7.0
2024-03-06 08:13:00,ahmed.solar@gmail.com,Bird-drop,warning,87.0,0.344,23.0,42.8,0.472,0.443,79.2,0.25,14.0
2024-03-06 14:23:00,pvtech.uae@gmail.com,Bird-drop,warning,88.0,0.722,23.7,54.9,1.798,1.716,72.6,0.5,2.0
2024-03-07 10:06:00,nora.renewables@hotmail.com,Clean,info,88.1,0.53,22.1,45.8,1.4,1.325,86.8,0.45,13.0
2024-03-07 13:07:00,nora.renewables@hotmail.com,Clean,info,98.2,0.666,20.2,47.6,2.105,2.002,86.5,0.4,4.0
2024-03-07 16:41:00,solar.ops.ksa@gmail.com,Clean,info,94.3,0.523,19.7,47.9,1.103,1.039,85.6,0.3,7.0
2024-03-08 18:29:00,green.energy.eg@gmail.com,Bird-drop,warning,91.9,0.172,22.2,38.4,0.127,0.122,84.7,0.4,8.0
2024-03-09 08:56:00,maintenance01@solarfarm.com,Clean,info,98.1,0.353,20.3,44.3,0.53,0.508,88.5,3.0,7.0
2024-03-10 11:59:00,solarcheck.qa@gmail.com,Clean,info,93.6,0.677,22.7,51.4,1.982,1.854,83.7,3.0,3.0
2024-03-11 07:16:00,green.energy.eg@gmail.com,Dusty,info,84.2,0.147,19.4,40.9,0.103,0.098,79.6,0.3,6.0
2024-03-12 10:44:00,ahmed.solar@gmail.com,Bird-drop,warning,94.3,0.561,20.7,45.2,1.432,1.349,83.5,0.4,6.0
2024-03-12 16:25:00,maintenance01@solarfarm.com,Snow-covered,warning,89.1,0.492,23.2,46.1,0.618,0.59,51.7,3.0,17.0
2024-03-15 11:04:00,solarcheck.qa@gmail.com,Dusty,info,85.1,0.587,20.9,44.9,1.4,1.32,68.7,0.45,15.0
2024-03-17 16:47:00,maintenance01@solarfarm.com,Dusty,info,92.1,0.518,23.7,51.5,0.854,0.804,66.9,0.4,9.0
2024-03-18 11:08:00,maintenance01@solarfarm.com,Dusty,info,82.3,0.572,21.1,44.7,1.367,1.284,68.6,0.3,15.0
2024-03-18 17:15:00,solar.ops.ksa@gmail.com,Snow-covered,warning,90.3,0.352,23.6,45.4,0.164,0.157,27.4,3.0,13.0
2024-03-19 08:40:00,maintenance01@solarfarm.com,Dusty,info,91.3,0.349,18.4,39.8,0.503,0.47,82.8,10.0,7.0
2024-03-19 15:15:00,fatima.pv@outlook.com,Snow-covered,warning,94.4,0.623,19.1,48.7,0.432,0.409,22.8,1.5,4.0
2024-03-20 17:39:00,maintenance01@solarfarm.com,Physical-damage,critical,91.1,0.305,22.9,46.2,0.313,0.298,60.1,0.5,9.0
2024-03-22 08:26:00,pvtech.uae@gmail.com,Dusty,info,95.0,0.337,22.2,44.0,0.471,0.447,81.5,1.5,6.0
2024-03-22 09:10:00,ahmed.solar@gmail.com,Electrical-damage,critical,90.4,0.492,23.9,48.9,0.522,0.491,43.0,8.0,1.0
2024-03-22 09:54:00,green.energy.eg@gmail.com,Dusty,info,86.8,0.461,23.2,47.8,0.866,0.816,76.3,0.3,19.0
2024-03-24 08:57:00,inspector_m@yahoo.com,Snow-covered,warning,90.7,0.289,20.1,39.9,0.221,0.212,45.1,0.33,18.0
2024-03-25 10:55:00,green.energy.eg@gmail.com,Clean,info,91.3,0.569,19.8,44.6,1.51,1.415,86.3,0.4,8.0
2024-03-25 17:41:00,fatima.pv@outlook.com,Snow-covered,warning,91.0,0.33,19.1,43.9,0.099,0.094,17.5,0.33,9.0
2024-03-27 10:36:00,green.energy.eg@gmail.com,Physical-damage,critical,97.2,0.538,22.3,49.3,0.829,0.787,50.8,0.33,10.0
2024-03-27 14:34:00,fatima.pv@outlook.com,Dusty,info,85.8,0.704,20.8,46.8,1.865,1.79,77.7,0.5,15.0
2024-03-28 10:17:00,reemya185@gmail.com,Electrical-damage,critical,94.4,0.612,19.3,43.5,1.102,1.035,58.7,0.72,7.0
2024-04-01 13:08:00,reemya185@gmail.com,Clean,info,95.1,0.883,28.3,57.8,2.665,2.512,81.9,0.4,9.0
2024-04-04 18:16:00,ahmed.solar@gmail.com,Snow-covered,warning,91.6,0.215,26.3,48.9,0.069,0.064,35.5,3.0,5.0
2024-04-05 08:12:00,nora.renewables@hotmail.com,Physical-damage,critical,87.7,0.374,23.3,48.9,0.323,0.303,49.8,2.0,5.0
2024-04-08 09:33:00,solar.ops.ksa@gmail.com,Dusty,info,85.1,0.55,24.6,47.6,1.05,1.007,78.9,0.25,8.0
2024-04-12 12:40:00,inspector_m@yahoo.com,Clean,info,98.8,0.866,26.1,55.1,2.647,2.528,84.0,5.0,5.0
2024-04-12 13:18:00,nora.renewables@hotmail.com,Bird-drop,warning,91.7,0.856,24.7,54.4,2.369,2.271,76.4,8.0,2.0
2024-04-14 11:06:00,solarcheck.qa@gmail.com,Clean,info,94.8,0.833,25.8,59.0,2.355,2.25,82.5,3.0,6.0
2024-04-16 12:12:00,pvtech.uae@gmail.com,Bird-drop,warning,88.8,0.719,23.5,53.8,2.056,1.944,77.8,1.5,11.0
2024-04-16 17:02:00,solar.ops.ksa@gmail.com,Electrical-damage,critical,89.0,0.416,24.5,48.0,0.399,0.375,55.4,1.5,6.0
2024-04-17 11:22:00,green.energy.eg@gmail.com,Bird-drop,warning,96.8,0.798,26.4,58.4,1.966,1.859,71.2,5.0,13.0
2024-04-17 15:49:00,pvtech.uae@gmail.com,Clean,info,98.2,0.625,23.6,52.0,1.606,1.516,84.2,0.4,10.0
2024-04-18 17:58:00,inspector_m@yahoo.com,Dusty,info,91.2,0.327,26.8,47.6,0.395,0.374,70.3,10.0,9.0
2024-04-20 11:34:00,solarcheck.qa@gmail.com,Dusty,info,93.0,0.838,25.7,55.2,2.091,1.952,71.2,10.0,14.0
2024-04-24 07:18:00,maintenance01@solarfarm.com,Clean,info,94.0,0.188,27.4,49.4,0.142,0.136,86.4,5.0,3.0
2024-04-25 09:11:00,fatima.pv@outlook.com,Electrical-damage,critical,88.8,0.561,26.0,53.2,0.749,0.707,54.3,0.45,5.0
2024-04-25 14:11:00,pvtech.uae@gmail.com,Physical-damage,critical,93.6,0.825,23.5,53.3,1.356,1.3,48.2,0.5,14.0
2024-04-26 07:04:00,pvtech.uae@gmail.com,Clean,info,98.4,0.174,24.9,42.5,0.136,0.13,89.2,5.0,14.0
2024-04-28 10:43:00,inspector_m@yahoo.com,Dusty,info,90.1,0.713,27.6,56.9,1.475,1.414,68.8,3.0,3.0
2024-04-28 11:34:00,inspector_m@yahoo.com,Clean,info,94.1,0.752,28.9,56.2,2.154,2.007,81.6,0.4,11.0
2024-04-29 18:29:00,green.energy.eg@gmail.com,Dusty,info,81.2,0.184,23.4,42.2,0.113,0.106,68.8,0.25,2.0
2024-04-30 10:22:00,reemya185@gmail.com,Snow-covered,warning,94.0,0.731,26.4,56.7,0.348,0.333,15.8,0.45,4.0
2024-04-30 13:08:00,reemya185@gmail.com,Electrical-damage,critical,88.7,0.731,28.5,55.3,0.786,0.743,29.3,3.0,4.0
2024-05-01 13:39:00,reemya185@gmail.com,Dusty,info,94.5,0.819,33.3,65.8,1.849,1.757,61.7,1.0,6.0
2024-05-03 15:49:00,solarcheck.qa@gmail.com,Dusty,info,93.5,0.767,28.9,60.2,1.785,1.702,77.0,2.0,7.0
2024-05-03 18:49:00,nora.renewables@hotmail.com,Dusty,info,82.6,0.214,32.1,53.8,0.124,0.116,64.7,2.0,14.0
2024-05-04 10:10:00,fatima.pv@outlook.com,Dusty,info,81.3,0.759,32.1,62.5,1.742,1.66,75.9,0.6,7.0
2024-05-04 14:51:00,inspector_m@yahoo.com,Bird-drop,warning,82.6,0.733,32.1,62.2,1.751,1.644,68.5,3.0,4.0
2024-05-05 07:00:00,fatima.pv@outlook.com,Clean,info,93.2,0.211,30.9,47.9,0.161,0.152,86.0,0.72,6.0
2024-05-05 09:09:00,reemya185@gmail.com,Dusty,info,86.7,0.541,30.6,58.2,0.881,0.842,67.1,8.0,1.0
2024-05-06 07:41:00,maintenance01@solarfarm.com,Electrical-damage,critical,96.7,0.202,28.7,46.2,0.069,0.066,39.0,0.33,2.0
2024-05-08 11:53:00,nora.renewables@hotmail.com,Dusty,info,83.2,0.918,31.4,66.5,2.058,1.92,63.9,0.72,7.0
2024-05-08 12:42:00,reemya185@gmail.com,Snow-covered,warning,86.0,0.967,31.3,65.1,0.669,0.628,18.7,0.4,8.0
2024-05-08 14:54:00,inspector_m@yahoo.com,Dusty,info,93.9,0.746,33.6,63.0,1.732,1.626,66.6,8.0,5.0
2024-05-10 09:25:00,pvtech.uae@gmail.com,Bird-drop,warning,94.5,0.593,30.1,58.5,1.036,0.972,70.6,5.0,7.0
2024-05-11 17:41:00,pvtech.uae@gmail.com,Physical-damage,critical,90.0,0.384,30.2,55.5,0.43,0.409,65.5,5.0,4.0
2024-05-12 08:49:00,inspector_m@yahoo.com,Dusty,info,85.3,0.375,29.3,51.3,0.5,0.473,77.5,8.0,9.0
2024-05-12 10:46:00,nora.renewables@hotmail.com,Dusty,info,83.5,0.698,31.8,61.2,1.373,1.3,64.7,1.0,7.0
2024-05-13 08:47:00,solarcheck.qa@gmail.com,Clean,info,89.2,0.384,32.8,54.6,0.551,0.52,83.3,0.6,5.0
2024-05-14 11:48:00,green.energy.eg@gmail.com,Snow-covered,warning,97.5,0.914,28.2,61.9,0.926,0.887,29.7,0.6,8.0
2024-05-16 07:06:00,reemya185@gmail.com,Dusty,info,95.5,0.219,31.0,51.3,0.151,0.144,78.5,0.5,5.0
2024-05-16 14:46:00,maintenance01@solarfarm.com,Bird-drop,warning,89.4,0.757,32.1,59.2,1.857,1.731,69.9,0.6,6.0
2024-05-20 07:30:00,reemya185@gmail.com,Bird-drop,warning,88.1,0.193,32.1,49.7,0.126,0.119,73.6,0.5,4.0
2024-05-22 12:14:00,inspector_m@yahoo.com,Physical-damage,critical,86.6,0.82,31.5,61.4,1.543,1.441,50.6,5.0,11.0
2024-05-26 12:01:00,fatima.pv@outlook.com,Dusty,info,93.3,0.959,33.7,68.7,2.395,2.252,67.6,3.0,6.0
2024-05-28 16:41:00,solarcheck.qa@gmail.com,Dusty,info,94.9,0.637,32.7,61.8,1.102,1.053,71.2,0.72,17.0
2024-05-28 17:28:00,fatima.pv@outlook.com,Bird-drop,warning,94.0,0.415,31.5,53.1,0.515,0.485,71.9,0.3,7.0
2024-05-29 12:30:00,ahmed.solar@gmail.com,Clean,info,95.9,0.825,33.5,65.9,2.397,2.288,79.8,2.0,4.0
2024-05-30 08:42:00,nora.renewables@hotmail.com,Dusty,info,95.5,0.439,28.0,50.9,0.555,0.523,73.2,0.5,10.0
2024-05-30 10:19:00,ahmed.solar@gmail.com,Dusty,info,85.1,0.638,29.0,56.2,1.346,1.262,68.7,0.45,10.0
2024-06-01 07:41:00,ahmed.solar@gmail.com,Snow-covered,warning,89.9,0.247,37.4,58.4,0.031,0.03,14.5,0.45,13.0
2024-06-03 10:40:00,fatima.pv@outlook.com,Clean,info,94.5,0.731,32.7,64.4,1.774,1.697,80.6,1.5,4.0
2024-06-05 07:34:00,ahmed.solar@gmail.com,Bird-drop,warning,86.5,0.247,37.0,59.3,0.162,0.155,74.9,1.5,11.0
2024-06-05 13:17:00,inspector_m@yahoo.com,Dusty,info,90.2,0.998,33.3,65.4,2.667,2.498,72.0,8.0,13.0
2024-06-05 14:10:00,ahmed.solar@gmail.com,Bird-drop,warning,93.9,0.953,35.8,70.7,2.229,2.108,67.6,2.0,6.0
2024-06-06 12:41:00,ahmed.solar@gmail.com,Snow-covered,warning,92.5,0.866,35.1,65.5,1.27,1.217,40.4,0.25,7.0
2024-06-06 13:32:00,fatima.pv@outlook.com,Snow-covered,warning,86.0,0.905,33.4,66.9,1.175,1.122,35.7,5.0,9.0
2024-06-07 09:29:00,fatima.pv@outlook.com,Physical-damage,critical,85.3,0.661,36.2,61.4,0.745,0.695,45.3,10.0,5.0
2024-06-07 17:03:00,maintenance01@solarfarm.com,Bird-drop,warning,88.8,0.412,32.2,52.8,0.549,0.524,78.2,0.6,13.0
2024-06-08 07:36:00,pvtech.uae@gmail.com,Dusty,info,86.4,0.222,33.4,54.3,0.141,0.132,71.0,0.33,10.0
2024-06-09 08:29:00,fatima.pv@outlook.com,Snow-covered,warning,91.4,0.439,37.2,64.0,0.092,0.087,12.2,5.0,13.0
2024-06-10 07:23:00,reemya185@gmail.com,Clean,info,89.3,0.224,33.7,53.3,0.166,0.155,82.6,0.6,7.0
2024-06-10 17:28:00,maintenance01@solarfarm.com,Dusty,info,83.5,0.471,35.4,57.1,0.601,0.576,75.2,1.0,8.0
2024-06-11 07:22:00,solarcheck.qa@gmail.com,Snow-covered,warning,94.4,0.237,36.8,54.8,0.025,0.023,11.6,0.33,5.0
2024-06-12 09:40:00,solar.ops.ksa@gmail.com,Clean,info,96.1,0.594,34.6,60.9,1.181,1.121,81.3,3.0,6.0
2024-06-12 13:28:00,fatima.pv@outlook.com,Bird-drop,warning,87.5,0.823,36.5,65.1,2.215,2.115,74.0,2.0,10.0
2024-06-13 12:15:00,maintenance01@solarfarm.com,Dusty,info,95.4,0.819,36.9,68.9,2.018,1.884,66.2,10.0,17.0
2024-06-13 13:03:00,green.energy.eg@gmail.com,Clean,info,94.8,0.907,35.1,66.6,2.627,2.491,79.0,0.45,4.0
2024-06-14 08:13:00,maintenance01@solarfarm.com,Bird-drop,warning,96.8,0.45,35.6,58.9,0.598,0.561,76.6,0.3,3.0
2024-06-18 17:10:00,fatima.pv@outlook.com,Clean,info,95.4,0.43,37.0,59.8,0.602,0.564,80.6,8.0,3.0
2024-06-19 08:50:00,reemya185@gmail.com,Clean,info,92.7,0.398,35.1,55.3,0.569,0.53,81.9,0.6,7.0
2024-06-21 07:47:00,solar.ops.ksa@gmail.com,Dusty,info,81.5,0.215,37.7,59.0,0.143,0.136,75.5,2.0,11.0
2024-06-22 11:27:00,ahmed.solar@gmail.com,Clean,info,98.0,0.887,32.3,64.9,2.439,2.283,78.6,0.3,5.0
2024-06-23 15:10:00,fatima.pv@outlook.com,Electrical-damage,critical,98.9,0.809,32.1,61.2,1.243,1.165,50.0,0.5,7.0
2024-06-24 11:43:00,ahmed.solar@gmail.com,Dusty,info,89.2,0.809,36.3,68.8,2.01,1.918,72.4,0.3,8.0
2024-06-26 09:19:00,ahmed.solar@gmail.com,Clean,info,90.2,0.58,32.2,59.3,1.161,1.098,81.6,0.6,12.0
2024-06-26 13:29:00,fatima.pv@outlook.com,Snow-covered,warning,94.9,1.036,36.0,71.0,1.058,1.007,28.0,5.0,5.0
2024-06-26 17:41:00,nora.renewables@hotmail.com,Physical-damage,critical,88.6,0.439,32.2,55.9,0.426,0.403,56.4,1.5,2.0
2024-06-28 10:47:00,ahmed.solar@gmail.com,Dusty,info,95.4,0.777,37.1,64.9,1.464,1.397,62.4,1.0,8.0
2024-06-28 12:35:00,solarcheck.qa@gmail.com,Dusty,info,86.8,0.935,34.9,68.7,2.041,1.956,60.2,5.0,6.0
2024-06-29 12:51:00,solar.ops.ksa@gmail.com,Clean,info,93.6,0.936,33.6,66.1,2.717,2.577,79.2,0.6,6.0
2024-06-30 09:23:00,nora.renewables@hotmail.com,Bird-drop,warning,96.0,0.554,37.3,63.8,0.976,0.928,72.2,0.5,11.0
2024-07-01 07:45:00,pvtech.uae@gmail.com,Bird-drop,warning,93.2,0.235,38.4,60.2,0.154,0.143,72.6,1.5,10.0
2024-07-01 09:12:00,maintenance01@solarfarm.com,Clean,info,93.4,0.562,35.0,63.3,1.105,1.036,79.4,0.72,3.0
2024-07-01 09:55:00,reemya185@gmail.com,Bird-drop,warning,85.9,0.526,36.8,61.1,0.957,0.908,74.4,0.5,8.0
2024-07-01 10:13:00,solarcheck.qa@gmail.com,Physical-damage,critical,92.0,0.719,39.9,69.5,0.995,0.933,45.0,0.45,11.0
2024-07-01 11:07:00,pvtech.uae@gmail.com,Electrical-damage,critical,89.5,0.796,36.3,67.2,1.063,0.998,38.3,3.0,14.0
2024-07-02 17:14:00,inspector_m@yahoo.com,Dusty,info,80.4,0.45,36.4,60.4,0.506,0.48,65.6,5.0,1.0
2024-07-07 07:25:00,reemya185@gmail.com,Snow-covered,warning,96.6,0.23,39.2,57.6,0.087,0.081,42.0,1.5,12.0
2024-07-07 16:50:00,nora.renewables@hotmail.com,Clean,info,97.0,0.532,35.7,63.7,1.044,0.979,79.3,3.0,3.0
2024-07-10 15:16:00,reemya185@gmail.com,Dusty,info,90.0,0.731,39.4,70.5,1.565,1.473,70.0,0.6,10.0
2024-07-11 15:47:00,fatima.pv@outlook.com,Dusty,info,94.3,0.69,39.3,70.0,1.329,1.271,63.9,1.0,9.0
2024-07-11 17:01:00,pvtech.uae@gmail.com,Dusty,info,94.3,0.39,39.4,60.7,0.452,0.423,66.7,0.3,17.0
2024-07-12 08:11:00,solarcheck.qa@gmail.com,Dusty,info,92.0,0.448,38.4,62.6,0.498,0.465,63.8,0.5,9.0
2024-07-12 14:19:00,ahmed.solar@gmail.com,Bird-drop,warning,90.0,0.768,38.4,70.1,1.755,1.645,65.5,0.5,3.0
2024-07-14 16:13:00,nora.renewables@hotmail.com,Clean,info,97.9,0.58,35.8,64.1,1.136,1.084,80.5,10.0,10.0
2024-07-15 07:27:00,green.energy.eg@gmail.com,Clean,info,96.0,0.23,36.7,55.2,0.169,0.16,83.1,3.0,5.0
2024-07-15 08:14:00,fatima.pv@outlook.com,Snow-covered,warning,97.6,0.379,35.7,57.4,0.288,0.27,43.8,5.0,12.0
2024-07-15 11:17:00,fatima.pv@outlook.com,Dusty,info,86.4,0.923,39.4,69.4,2.187,2.092,69.3,1.0,2.0
2024-07-16 09:46:00,solarcheck.qa@gmail.com,Clean,info,98.1,0.602,37.7,61.6,1.193,1.141,81.7,0.4,6.0
2024-07-17 11:03:00,nora.renewables@hotmail.com,Dusty,info,80.5,0.883,36.8,70.8,1.785,1.704,59.0,0.72,10.0
2024-07-19 09:12:00,pvtech.uae@gmail.com,Clean,info,88.5,0.647,35.8,66.3,1.254,1.189,79.2,0.72,4.0
2024-07-19 16:45:00,maintenance01@solarfarm.com,Snow-covered,warning,86.2,0.586,37.7,65.1,0.498,0.464,34.1,1.5,9.0
2024-07-20 13:42:00,solarcheck.qa@gmail.com,Electrical-damage,critical,96.2,0.944,38.1,69.4,1.689,1.605,48.9,5.0,10.0
2024-07-21 14:58:00,green.energy.eg@gmail.com,Dusty,info,91.9,0.877,35.5,65.1,2.077,1.984,69.1,5.0,10.0
2024-07-21 16:43:00,inspector_m@yahoo.com,Dusty,info,84.5,0.605,36.6,61.3,1.032,0.987,70.3,8.0,13.0
2024-07-23 10:40:00,nora.renewables@hotmail.com,Physical-damage,critical,91.8,0.802,39.4,72.5,1.132,1.085,47.0,0.45,7.0
2024-07-23 11:10:00,solar.ops.ksa@gmail.com,Electrical-damage,critical,90.4,0.918,36.5,70.0,1.678,1.567,52.2,0.72,4.0
2024-07-23 13:38:00,fatima.pv@outlook.com,Snow-covered,warning,90.2,0.917,39.0,73.9,0.266,0.248,7.8,0.5,6.0
2024-07-25 09:32:00,pvtech.uae@gmail.com,Bird-drop,warning,95.5,0.648,35.2,63.2,1.213,1.155,76.8,2.0,7.0
2024-07-25 10:09:00,solar.ops.ksa@gmail.com,Electrical-damage,critical,88.1,0.686,35.7,62.1,0.789,0.755,38.2,1.5,3.0
2024-07-25 11:55:00,solar.ops.ksa@gmail.com,Electrical-damage,critical,90.2,0.87,38.1,67.4,1.042,0.982,34.5,0.6,10.0
2024-07-25 17:43:00,nora.renewables@hotmail.com,Clean,info,96.2,0.422,35.5,56.8,0.599,0.568,82.8,3.0,3.0
2024-07-26 13:49:00,maintenance01@solarfarm.com,Dusty,info,91.8,0.87,39.6,73.2,1.918,1.825,60.4,3.0,3.0
2024-07-26 14:09:00,solarcheck.qa@gmail.com,Dusty,info,92.2,0.888,35.0,69.4,2.092,1.998,68.8,0.33,15.0
2024-07-26 17:59:00,pvtech.uae@gmail.com,Clean,info,93.4,0.428,37.6,62.4,0.592,0.565,81.2,5.0,12.0
2024-07-28 11:00:00,solar.ops.ksa@gmail.com,Dusty,info,88.2,0.785,34.2,65.2,1.955,1.841,71.7,0.25,5.0
2024-07-29 15:56:00,reemya185@gmail.com,Bird-drop,warning,86.1,0.747,37.6,64.4,1.577,1.503,69.9,0.5,6.0
2024-07-30 16:06:00,reemya185@gmail.com,Clean,info,93.0,0.664,37.7,63.4,1.304,1.25,81.1,0.4,12.0
2024-07-31 12:42:00,pvtech.uae@gmail.com,Electrical-damage,critical,94.3,0.823,36.0,68.4,0.98,0.927,32.4,8.0,9.0
2024-08-02 11:03:00,inspector_m@yahoo.com,Bird-drop,warning,95.6,0.806,37.9,68.2,2.09,1.979,75.0,0.25,6.0
2024-08-02 16:16:00,inspector_m@yahoo.com,Electrical-damage,critical,87.2,0.535,34.0,60.4,0.327,0.309,24.9,0.5,7.0
2024-08-03 08:20:00,green.energy.eg@gmail.com,Physical-damage,critical,83.6,0.429,38.6,64.4,0.302,0.287,41.1,0.72,13.0
2024-08-04 10:35:00,inspector_m@yahoo.com,Physical-damage,critical,97.7,0.687,39.0,64.5,1.29,1.215,61.4,0.3,1.0
2024-08-05 08:37:00,inspector_m@yahoo.com,Electrical-damage,critical,95.3,0.39,37.5,58.4,0.324,0.306,48.2,8.0,20.0
2024-08-05 11:50:00,maintenance01@solarfarm.com,Electrical-damage,critical,94.9,0.815,36.7,65.6,1.132,1.066,40.0,1.0,8.0
2024-08-05 18:24:00,solar.ops.ksa@gmail.com,Dusty,info,86.8,0.213,39.0,60.2,0.142,0.134,75.1,0.45,5.0
2024-08-08 10:50:00,maintenance01@solarfarm.com,Dusty,info,84.2,0.717,39.9,66.2,1.605,1.519,73.5,3.0,11.0
2024-08-08 12:19:00,solar.ops.ksa@gmail.com,Dusty,info,80.7,0.776,35.5,66.7,1.9,1.818,67.4,10.0,3.0
2024-08-08 16:12:00,pvtech.uae@gmail.com,Physical-damage,critical,88.1,0.618,37.3,62.9,0.717,0.675,47.1,8.0,7.0
2024-08-08 18:42:00,nora.renewables@hotmail.com,Dusty,info,87.9,0.238,38.6,61.6,0.136,0.129,64.7,1.5,8.0
2024-08-09 10:42:00,fatima.pv@outlook.com,Clean,info,96.0,0.647,36.9,67.1,1.55,1.448,77.7,2.0,5.0
2024-08-09 11:47:00,green.energy.eg@gmail.com,Clean,info,96.5,0.897,37.2,70.6,2.4,2.257,76.9,0.25,13.0
2024-08-10 08:27:00,green.energy.eg@gmail.com,Dusty,info,80.3,0.422,34.1,58.5,0.553,0.529,77.1,0.33,10.0
2024-08-10 16:42:00,reemya185@gmail.com,Dusty,info,82.5,0.521,37.2,62.8,0.823,0.781,64.6,0.25,5.0
2024-08-11 07:08:00,inspector_m@yahoo.com,Dusty,info,93.3,0.214,35.9,54.8,0.125,0.119,66.4,0.72,4.0
2024-08-12 17:31:00,maintenance01@solarfarm.com,Dusty,info,93.1,0.448,34.1,59.4,0.554,0.531,72.9,0.6,3.0
2024-08-15 09:10:00,ahmed.solar@gmail.com,Dusty,info,85.2,0.588,35.2,62.3,1.028,0.963,70.6,0.33,8.0
2024-08-15 18:46:00,inspector_m@yahoo.com,Dusty,info,88.3,0.233,37.7,56.3,0.161,0.15,76.9,1.5,5.0
2024-08-16 16:46:00,pvtech.uae@gmail.com,Snow-covered,warning,87.9,0.516,37.9,63.8,0.365,0.346,28.9,1.5,8.0
2024-08-17 14:55:00,green.energy.eg@gmail.com,Dusty,info,90.2,0.818,37.8,68.5,1.984,1.87,69.9,8.0,12.0
2024-08-19 15:02:00,solarcheck.qa@gmail.com,Physical-damage,critical,88.3,0.798,37.7,67.0,0.905,0.844,36.7,0.5,13.0
2024-08-21 11:54:00,inspector_m@yahoo.com,Dusty,info,91.4,0.879,37.6,70.5,1.985,1.853,64.4,3.0,4.0
2024-08-21 13:48:00,fatima.pv@outlook.com,Snow-covered,warning,86.6,0.951,37.8,70.2,0.281,0.267,8.1,0.3,6.0
2024-08-22 09:12:00,solarcheck.qa@gmail.com,Dusty,info,85.3,0.634,35.1,63.4,0.961,0.901,61.2,10.0,7.0
2024-08-23 08:47:00,green.energy.eg@gmail.com,Bird-drop,warning,85.0,0.372,35.7,57.8,0.472,0.452,74.7,0.25,7.0
2024-08-24 16:36:00,inspector_m@yahoo.com,Dusty,info,84.4,0.561,39.0,62.3,0.84,0.797,61.2,0.25,7.0
2024-08-25 11:39:00,fatima.pv@outlook.com,Bird-drop,warning,90.1,0.841,35.8,66.3,2.085,1.968,71.5,1.5,7.0
2024-08-25 17:04:00,pvtech.uae@gmail.com,Clean,info,95.1,0.46,38.4,63.0,0.634,0.602,80.5,0.3,11.0
2024-08-25 17:59:00,fatima.pv@outlook.com,Dusty,info,89.4,0.39,37.5,57.7,0.432,0.403,63.5,10.0,6.0
2024-08-26 09:15:00,inspector_m@yahoo.com,Clean,info,95.3,0.607,36.7,64.1,1.188,1.112,78.9,0.3,6.0
2024-08-27 11:26:00,ahmed.solar@gmail.com,Bird-drop,warning,86.9,0.793,34.9,64.0,2.039,1.95,75.1,0.5,7.0
2024-08-27 13:45:00,reemya185@gmail.com,Electrical-damage,critical,92.4,0.809,36.1,69.0,1.616,1.527,54.3,0.4,4.0
2024-08-27 18:27:00,fatima.pv@outlook.com,Electrical-damage,critical,95.4,0.188,35.7,56.9,0.067,0.064,40.6,0.33,9.0
2024-08-27 18:34:00,reemya185@gmail.com,Electrical-damage,critical,95.7,0.238,39.8,61.6,0.075,0.07,35.1,0.25,7.0
2024-08-27 18:51:00,reemya185@gmail.com,Bird-drop,warning,82.2,0.225,38.2,57.8,0.142,0.134,71.1,8.0,15.0
2024-08-28 11:40:00,ahmed.solar@gmail.com,Dusty,info,88.3,0.828,36.3,68.0,1.77,1.684,62.1,2.0,12.0
2024-08-30 09:16:00,solarcheck.qa@gmail.com,Dusty,info,81.2,0.643,36.8,67.2,1.116,1.045,70.0,2.0,5.0
2024-09-01 07:32:00,reemya185@gmail.com,Clean,info,94.3,0.188,31.6,53.0,0.14,0.132,83.8,10.0,5.0
2024-09-01 18:27:00,pvtech.uae@gmail.com,Electrical-damage,critical,90.7,0.192,35.7,53.1,0.06,0.057,35.4,0.45,11.0
2024-09-02 07:09:00,fatima.pv@outlook.com,Dusty,info,82.2,0.204,34.1,53.0,0.137,0.128,74.9,2.0,8.0
2024-09-02 11:56:00,maintenance01@solarfarm.com,Bird-drop,warning,83.8,0.672,33.1,63.0,1.794,1.694,77.0,3.0,1.0
2024-09-05 17:27:00,green.energy.eg@gmail.com,Bird-drop,warning,92.2,0.372,34.7,55.6,0.452,0.428,70.7,5.0,9.0
2024-09-07 12:21:00,nora.renewables@hotmail.com,Dusty,info,86.4,0.767,35.1,66.3,1.787,1.669,62.6,1.0,7.0
2024-09-07 15:33:00,solarcheck.qa@gmail.com,Snow-covered,warning,96.6,0.646,30.2,55.0,0.703,0.662,35.6,0.72,11.0
2024-09-07 15:49:00,ahmed.solar@gmail.com,Snow-covered,warning,92.4,0.592,35.7,65.1,0.779,0.744,43.6,0.3,11.0
2024-09-08 08:13:00,inspector_m@yahoo.com,Dusty,info,92.9,0.423,31.4,57.7,0.472,0.448,65.1,0.45,15.0
2024-09-08 13:20:00,pvtech.uae@gmail.com,Clean,info,93.0,0.733,31.0,57.6,2.215,2.074,81.4,1.5,10.0
2024-09-09 07:31:00,green.energy.eg@gmail.com,Clean,info,91.6,0.204,32.6,51.9,0.152,0.144,84.3,5.0,14.0
2024-09-09 09:32:00,pvtech.uae@gmail.com,Clean,info,93.2,0.563,35.2,62.2,1.112,1.06,81.1,10.0,6.0
2024-09-10 11:21:00,solar.ops.ksa@gmail.com,Dusty,info,84.7,0.835,30.4,61.6,2.19,2.048,74.9,0.4,6.0
2024-09-10 16:49:00,solar.ops.ksa@gmail.com,Snow-covered,warning,96.8,0.473,32.8,57.7,0.444,0.414,37.7,0.6,3.0
2024-09-12 11:58:00,pvtech.uae@gmail.com,Physical-damage,critical,89.0,0.847,35.1,65.1,1.48,1.395,50.3,2.0,13.0
2024-09-12 18:15:00,nora.renewables@hotmail.com,Dusty,info,90.2,0.194,33.2,50.3,0.134,0.127,78.2,5.0,4.0
2024-09-15 16:24:00,solar.ops.ksa@gmail.com,Clean,info,88.2,0.605,35.3,62.9,1.191,1.129,80.4,0.72,8.0
2024-09-16 08:08:00,ahmed.solar@gmail.com,Bird-drop,warning,91.2,0.369,30.1,51.4,0.466,0.441,73.5,0.3,8.0
2024-09-16 08:36:00,solar.ops.ksa@gmail.com,Clean,info,96.2,0.384,34.5,57.0,0.545,0.51,81.7,0.25,12.0
2024-09-16 12:10:00,reemya185@gmail.com,Clean,info,93.9,0.871,34.7,65.2,2.54,2.432,80.4,0.33,7.0
2024-09-17 15:24:00,nora.renewables@hotmail.com,Electrical-damage,critical,94.7,0.592,32.9,56.8,0.618,0.577,33.8,0.72,4.0
2024-09-18 12:45:00,solarcheck.qa@gmail.com,Dusty,info,92.6,0.721,30.9,58.4,1.946,1.821,72.7,5.0,7.0
2024-09-20 11:10:00,solarcheck.qa@gmail.com,Clean,info,93.2,0.716,35.4,62.0,1.996,1.914,81.7,0.25,3.0
2024-09-20 17:05:00,solarcheck.qa@gmail.com,Dusty,info,80.4,0.35,30.5,51.5,0.449,0.42,73.8,0.25,6.0
2024-09-20 17:24:00,maintenance01@solarfarm.com,Clean,info,93.3,0.344,31.7,52.0,0.499,0.466,83.3,5.0,9.0
2024-09-23 09:39:00,inspector_m@yahoo.com,Bird-drop,warning,89.1,0.564,34.1,59.7,0.961,0.895,68.4,1.5,3.0
2024-09-24 17:47:00,fatima.pv@outlook.com,Dusty,info,81.9,0.33,35.8,59.1,0.368,0.346,64.5,10.0,20.0
2024-09-27 12:32:00,solar.ops.ksa@gmail.com,Dusty,info,95.7,0.896,33.4,66.3,2.057,1.942,62.4,1.0,8.0
2024-09-27 16:36:00,nora.renewables@hotmail.com,Dusty,info,87.1,0.593,31.5,57.6,0.937,0.893,64.9,0.33,6.0
2024-09-28 08:42:00,reemya185@gmail.com,Physical-damage,critical,94.7,0.411,35.5,59.0,0.427,0.404,60.4,0.25,12.0
2024-09-28 16:44:00,reemya185@gmail.com,Clean,info,92.6,0.52,32.4,58.2,1.047,0.991,82.1,3.0,4.0
2024-09-29 08:00:00,ahmed.solar@gmail.com,Electrical-damage,critical,97.6,0.408,35.8,56.9,0.224,0.213,32.1,0.5,6.0
2024-09-29 17:43:00,pvtech.uae@gmail.com,Dusty,info,86.5,0.41,31.5,54.6,0.553,0.517,77.5,0.5,15.0
2024-10-02 12:03:00,solarcheck.qa@gmail.com,Clean,info,88.8,0.622,29.5,57.2,1.883,1.775,82.1,0.25,5.0
2024-10-04 10:01:00,maintenance01@solarfarm.com,Clean,info,89.2,0.627,24.4,49.0,1.633,1.534,84.9,1.5,10.0
2024-10-04 11:04:00,maintenance01@solarfarm.com,Clean,info,88.2,0.656,26.5,56.3,1.878,1.797,83.7,3.0,3.0
2024-10-06 17:49:00,pvtech.uae@gmail.com,Bird-drop,warning,92.1,0.328,24.5,48.6,0.456,0.437,81.9,2.0,8.0
2024-10-08 10:54:00,reemya185@gmail.com,Bird-drop,warning,83.4,0.605,27.4,54.4,1.467,1.378,79.1,0.25,9.0
2024-10-08 11:06:00,maintenance01@solarfarm.com,Dusty,info,83.6,0.673,28.0,53.3,1.572,1.474,66.9,1.0,5.0
2024-10-10 10:49:00,solar.ops.ksa@gmail.com,Clean,info,91.3,0.596,29.3,54.2,1.516,1.437,83.7,0.45,6.0
2024-10-14 13:52:00,green.energy.eg@gmail.com,Electrical-damage,critical,96.0,0.713,27.2,53.6,1.107,1.039,41.9,0.5,8.0
2024-10-16 10:32:00,nora.renewables@hotmail.com,Snow-covered,warning,89.6,0.602,24.2,50.9,0.74,0.691,39.8,5.0,9.0
2024-10-16 13:40:00,ahmed.solar@gmail.com,Dusty,info,88.4,0.602,27.1,51.8,1.582,1.507,72.0,3.0,4.0
2024-10-16 18:08:00,reemya185@gmail.com,Clean,info,96.2,0.162,28.9,47.6,0.123,0.116,85.5,8.0,7.0
2024-10-17 12:53:00,ahmed.solar@gmail.com,Dusty,info,90.4,0.728,27.0,53.6,1.74,1.647,65.1,0.3,20.0
2024-10-18 13:49:00,green.energy.eg@gmail.com,Snow-covered,warning,95.5,0.671,29.8,58.5,0.648,0.61,26.2,8.0,6.0
2024-10-19 07:13:00,reemya185@gmail.com,Dusty,info,87.4,0.15,24.6,44.3,0.095,0.091,72.4,10.0,11.0
2024-10-20 15:18:00,inspector_m@yahoo.com,Electrical-damage,critical,96.5,0.529,28.6,53.8,0.876,0.835,54.8,2.0,5.0
2024-10-21 09:31:00,pvtech.uae@gmail.com,Snow-covered,warning,85.7,0.404,29.9,52.4,0.491,0.462,49.3,0.45,7.0
2024-10-22 07:17:00,solarcheck.qa@gmail.com,Dusty,info,87.7,0.168,26.1,42.8,0.108,0.103,73.2,0.25,8.0
2024-10-22 10:45:00,fatima.pv@outlook.com,Dusty,info,91.5,0.529,26.4,51.5,1.274,1.201,78.8,0.72,9.0
2024-10-22 12:22:00,ahmed.solar@gmail.com,Bird-drop,warning,95.9,0.625,26.9,51.5,1.844,1.748,80.5,5.0,10.0
2024-10-22 14:47:00,solar.ops.ksa@gmail.com,Clean,info,89.7,0.571,29.3,54.2,1.65,1.543,82.6,2.0,11.0
2024-10-22 18:07:00,pvtech.uae@gmail.com,Electrical-damage,critical,90.7,0.164,28.6,47.7,0.068,0.065,47.3,0.33,10.0
2024-10-22 18:52:00,nora.renewables@hotmail.com,Dusty,info,86.4,0.177,29.7,50.8,0.103,0.096,64.8,0.25,12.0
2024-10-24 08:02:00,green.energy.eg@gmail.com,Bird-drop,warning,96.0,0.29,28.8,51.2,0.383,0.359,76.1,10.0,13.0
2024-10-24 11:10:00,nora.renewables@hotmail.com,Snow-covered,warning,93.8,0.665,28.8,59.3,0.259,0.243,11.2,10.0,6.0
2024-10-24 16:16:00,solarcheck.qa@gmail.com,Snow-covered,warning,94.7,0.458,29.8,51.4,0.455,0.43,40.5,10.0,12.0
2024-10-26 07:46:00,solar.ops.ksa@gmail.com,Snow-covered,warning,85.5,0.177,24.7,44.2,0.045,0.042,28.3,8.0,8.0
2024-10-26 12:32:00,fatima.pv@outlook.com,Clean,info,95.4,0.623,27.3,56.8,1.889,1.799,83.1,0.4,6.0
2024-10-28 17:39:00,inspector_m@yahoo.com,Electrical-damage,critical,91.8,0.287,28.6,46.8,0.177,0.167,35.8,1.5,5.0
2024-10-30 10:43:00,maintenance01@solarfarm.com,Physical-damage,critical,89.1,0.514,25.0,47.5,0.873,0.831,56.1,8.0,11.0
2024-10-30 14:06:00,ahmed.solar@gmail.com,Clean,info,91.7,0.576,26.8,51.4,1.686,1.588,84.2,1.0,9.0
2024-10-30 16:33:00,maintenance01@solarfarm.com,Dusty,info,86.3,0.421,26.3,50.4,0.8,0.756,77.4,0.4,3.0
2024-10-30 18:09:00,solarcheck.qa@gmail.com,Physical-damage,critical,97.3,0.171,26.0,46.2,0.101,0.094,65.6,0.72,9.0
2024-10-31 17:25:00,maintenance01@solarfarm.com,Clean,info,95.5,0.341,27.1,48.9,0.502,0.47,84.7,0.3,3.0
2024-11-02 08:33:00,reemya185@gmail.com,Dusty,info,86.0,0.246,20.2,40.5,0.326,0.304,76.0,2.0,7.0
2024-11-02 08:34:00,solarcheck.qa@gmail.com,Bird-drop,warning,84.9,0.246,22.1,43.8,0.334,0.317,79.2,0.25,8.0
2024-11-03 10:03:00,pvtech.uae@gmail.com,Physical-damage,critical,91.6,0.407,24.0,48.4,0.626,0.598,51.0,0.3,9.0
2024-11-03 14:25:00,solar.ops.ksa@gmail.com,Bird-drop,warning,90.6,0.477,18.8,44.5,1.224,1.155,74.0,3.0,4.0
2024-11-04 18:43:00,solar.ops.ksa@gmail.com,Physical-damage,critical,85.2,0.14,23.4,40.4,0.055,0.053,45.2,3.0,3.0
2024-11-05 11:08:00,solar.ops.ksa@gmail.com,Dusty,info,94.0,0.494,22.4,46.2,1.316,1.229,76.0,0.45,8.0
2024-11-05 14:42:00,fatima.pv@outlook.com,Snow-covered,warning,97.0,0.526,19.2,45.3,0.316,0.297,17.3,0.6,12.0
2024-11-08 14:20:00,green.energy.eg@gmail.com,Clean,info,90.7,0.529,22.1,44.9,1.593,1.52,87.8,8.0,11.0
2024-11-08 18:18:00,fatima.pv@outlook.com,Dusty,info,91.6,0.144,20.6,38.3,0.101,0.095,78.8,3.0,6.0
2024-11-10 10:48:00,solar.ops.ksa@gmail.com,Bird-drop,warning,89.3,0.525,20.2,45.3,1.222,1.163,76.9,0.3,8.0
2024-11-12 13:35:00,pvtech.uae@gmail.com,Electrical-damage,critical,88.4,0.625,20.8,48.7,0.599,0.561,25.8,8.0,10.0
2024-11-13 17:02:00,solarcheck.qa@gmail.com,Dusty,info,80.6,0.291,21.2,40.4,0.334,0.318,67.2,10.0,13.0
2024-11-15 18:04:00,pvtech.uae@gmail.com,Clean,info,89.1,0.146,23.7,39.8,0.115,0.11,89.9,10.0,8.0
2024-11-16 15:22:00,maintenance01@solarfarm.com,Bird-drop,warning,88.7,0.508,21.0,44.6,1.194,1.142,78.0,5.0,13.0
2024-11-17 15:25:00,fatima.pv@outlook.com,Snow-covered,warning,93.6,0.47,21.0,43.1,0.55,0.523,38.6,3.0,6.0
2024-11-18 16:52:00,inspector_m@yahoo.com,Dusty,info,94.0,0.398,19.9,43.9,0.75,0.707,76.5,5.0,5.0
2024-11-20 16:38:00,reemya185@gmail.com,Clean,info,91.4,0.342,18.1,41.8,0.74,0.699,88.1,0.25,6.0
2024-11-21 09:36:00,pvtech.uae@gmail.com,Electrical-damage,critical,95.8,0.336,19.5,42.9,0.381,0.364,46.7,0.3,10.0
2024-11-23 11:13:00,ahmed.solar@gmail.com,Dusty,info,89.0,0.511,23.4,50.4,1.15,1.103,66.0,2.0,13.0
2024-11-23 13:33:00,solarcheck.qa@gmail.com,Dusty,info,82.7,0.497,23.1,50.9,1.373,1.31,75.9,2.0,7.0
2024-11-23 16:32:00,inspector_m@yahoo.com,Snow-covered,warning,87.7,0.389,18.4,41.9,0.238,0.225,24.9,0.25,10.0
2024-11-27 15:16:00,inspector_m@yahoo.com,Clean,info,95.7,0.415,23.9,49.0,1.081,1.013,84.7,5.0,4.0
2024-11-29 09:20:00,pvtech.uae@gmail.com,Dusty,info,82.2,0.384,21.7,45.4,0.718,0.674,75.6,3.0,8.0
2024-11-29 14:04:00,nora.renewables@hotmail.com,Dusty,info,95.9,0.541,21.1,45.6,1.412,1.338,75.6,0.3,7.0
2024-11-30 11:46:00,green.energy.eg@gmail.com,Bird-drop,warning,90.7,0.517,20.9,43.3,1.372,1.288,76.1,1.0,7.0
2024-12-03 12:01:00,pvtech.uae@gmail.com,Clean,info,90.3,0.538,16.3,40.2,1.756,1.666,89.1,0.45,5.0
2024-12-04 13:52:00,maintenance01@solarfarm.com,Clean,info,96.7,0.436,15.4,42.1,1.411,1.349,89.1,10.0,9.0
2024-12-06 12:40:00,maintenance01@solarfarm.com,Physical-damage,critical,97.3,0.484,13.1,34.9,0.851,0.801,47.6,0.3,10.0
2024-12-07 17:20:00,ahmed.solar@gmail.com,Physical-damage,critical,96.7,0.215,16.1,35.6,0.243,0.228,65.2,0.6,9.0
2024-12-08 08:51:00,inspector_m@yahoo.com,Clean,info,94.3,0.211,13.4,33.8,0.331,0.315,91.8,1.0,11.0
2024-12-10 07:21:00,maintenance01@solarfarm.com,Dusty,info,91.9,0.128,16.6,35.5,0.086,0.082,76.5,0.5,7.0
2024-12-10 14:56:00,ahmed.solar@gmail.com,Dusty,info,85.1,0.507,15.3,43.2,1.334,1.277,77.0,0.33,13.0
2024-12-12 15:25:00,inspector_m@yahoo.com,Dusty,info,81.2,0.446,17.8,44.8,1.009,0.95,73.9,5.0,8.0
2024-12-14 07:01:00,solarcheck.qa@gmail.com,Snow-covered,warning,88.4,0.115,14.2,31.5,0.011,0.01,10.4,0.45,13.0
2024-12-14 09:39:00,fatima.pv@outlook.com,Bird-drop,warning,83.4,0.343,15.4,35.0,0.674,0.643,80.8,5.0,7.0
2024-12-14 12:15:00,inspector_m@yahoo.com,Dusty,info,92.9,0.447,14.0,36.0,1.33,1.27,81.8,0.72,10.0
2024-12-14 16:01:00,solar.ops.ksa@gmail.com,Dusty,info,81.3,0.314,17.5,41.7,0.585,0.561,77.0,0.45,5.0
2024-12-14 18:41:00,solar.ops.ksa@gmail.com,Bird-drop,warning,93.8,0.12,13.3,31.4,0.086,0.082,81.6,3.0,3.0
2024-12-16 11:54:00,pvtech.uae@gmail.com,Electrical-damage,critical,97.2,0.509,16.6,40.1,0.747,0.71,42.6,0.3,15.0
2024-12-19 07:59:00,solar.ops.ksa@gmail.com,Clean,info,88.6,0.116,15.4,33.7,0.094,0.089,91.6,0.33,7.0
2024-12-19 13:15:00,green.energy.eg@gmail.com,Bird-drop,warning,94.0,0.499,17.2,42.5,1.388,1.293,74.6,1.0,3.0
2024-12-19 18:03:00,reemya185@gmail.com,Bird-drop,warning,92.5,0.105,16.9,36.3,0.074,0.07,79.6,0.5,9.0
2024-12-20 09:51:00,green.energy.eg@gmail.com,Dusty,info,92.3,0.355,16.9,38.0,0.602,0.575,69.8,0.33,15.0
2024-12-20 15:46:00,solar.ops.ksa@gmail.com,Electrical-damage,critical,95.1,0.384,15.6,36.0,0.454,0.426,38.5,1.5,11.0
2024-12-21 08:46:00,solar.ops.ksa@gmail.com,Dusty,info,80.2,0.202,14.3,35.0,0.265,0.247,75.2,0.6,19.0
2024-12-21 18:21:00,solar.ops.ksa@gmail.com,Dusty,info,89.7,0.125,14.9,35.3,0.085,0.081,77.4,0.33,15.0
2024-12-25 08:45:00,solar.ops.ksa@gmail.com,Clean,info,93.3,0.218,16.5,35.8,0.339,0.32,90.2,0.5,7.0
2024-12-25 10:21:00,ahmed.solar@gmail.com,Dusty,info,86.7,0.446,15.4,37.0,1.037,0.984,76.6,0.72,5.0
2024-12-25 17:17:00,solar.ops.ksa@gmail.com,Clean,info,97.8,0.247,14.5,37.7,0.381,0.357,88.9,0.72,3.0
2024-12-27 15:37:00,ahmed.solar@gmail.com,Electrical-damage,critical,90.6,0.409,16.8,41.9,0.633,0.597,50.7,0.5,6.0
2024-12-27 18:18:00,ahmed.solar@gmail.com,Snow-covered,warning,89.5,0.109,15.8,36.0,0.018,0.017,18.6,0.5,9.0
2024-12-28 11:50:00,solarcheck.qa@gmail.com,Electrical-damage,critical,90.7,0.428,17.0,42.6,0.628,0.595,42.5,0.6,14.0
2024-12-30 07:18:00,solar.ops.ksa@gmail.com,Dusty,info,86.3,0.122,14.0,32.6,0.076,0.072,70.5,8.0,1.0
2024-12-31 18:28:00,pvtech.uae@gmail.com,Bird-drop,warning,82.9,0.102,14.8,34.3,0.08,0.076,89.0,0.25,12.0
2025-01-01 09:42:00,solarcheck.qa@gmail.com,Bird-drop,warning,88.1,0.325,15.1,36.0,0.69,0.659,87.4,2.0,11.0
2025-01-02 08:57:00,green.energy.eg@gmail.com,Physical-damage,critical,96.9,0.27,17.1,36.2,0.319,0.303,69.0,0.6,10.0
2025-01-04 11:07:00,green.energy.eg@gmail.com,Clean,info,93.9,0.449,16.1,37.6,1.395,1.312,89.3,10.0,4.0
2025-01-04 13:31:00,reemya185@gmail.com,Snow-covered,warning,86.1,0.527,13.8,40.8,0.239,0.226,12.3,0.45,3.0
2025-01-05 16:24:00,green.energy.eg@gmail.com,Dusty,info,93.1,0.34,16.5,39.5,0.7,0.669,84.8,10.0,10.0
2025-01-07 12:42:00,solarcheck.qa@gmail.com,Dusty,info,91.6,0.483,14.1,38.5,1.49,1.42,84.6,0.6,9.0
2025-01-09 14:58:00,solar.ops.ksa@gmail.com,Bird-drop,warning,84.4,0.511,15.0,38.4,1.487,1.416,84.7,8.0,6.0
2025-01-10 18:18:00,inspector_m@yahoo.com,Clean,info,91.9,0.128,16.1,31.9,0.104,0.098,91.4,0.33,6.0
2025-01-12 09:20:00,solarcheck.qa@gmail.com,Electrical-damage,critical,91.5,0.399,12.6,32.8,0.391,0.369,39.8,5.0,2.0
2025-01-13 07:43:00,green.energy.eg@gmail.com,Physical-damage,critical,83.7,0.142,12.8,34.1,0.08,0.076,63.9,0.6,20.0
2025-01-14 10:15:00,solarcheck.qa@gmail.com,Bird-drop,warning,91.9,0.483,16.8,43.2,1.145,1.076,77.3,1.0,12.0
2025-01-15 07:07:00,pvtech.uae@gmail.com,Electrical-damage,critical,88.4,0.118,13.9,30.4,0.045,0.042,42.5,8.0,18.0
2025-01-15 09:00:00,ahmed.solar@gmail.com,Snow-covered,warning,94.5,0.346,16.9,38.8,0.137,0.129,16.1,3.0,12.0
2025-01-15 12:36:00,maintenance01@solarfarm.com,Bird-drop,warning,93.1,0.499,14.6,40.9,1.416,1.319,76.1,3.0,7.0
2025-01-15 15:27:00,nora.renewables@hotmail.com,Snow-covered,warning,91.3,0.463,12.0,37.1,0.467,0.44,33.0,0.72,12.0
2025-01-17 13:26:00,nora.renewables@hotmail.com,Bird-drop,warning,92.4,0.506,16.7,41.5,1.488,1.42,80.8,0.25,5.0
2025-01-19 07:17:00,green.energy.eg@gmail.com,Electrical-damage,critical,87.2,0.126,12.2,30.4,0.061,0.058,55.0,10.0,10.0
2025-01-20 08:17:00,solarcheck.qa@gmail.com,Clean,info,91.7,0.256,17.2,39.2,0.393,0.367,88.1,5.0,5.0
2025-01-20 10:16:00,reemya185@gmail.com,Electrical-damage,critical,89.3,0.418,12.6,36.7,0.487,0.462,38.4,0.5,7.0
2025-01-23 08:29:00,reemya185@gmail.com,Clean,info,92.4,0.257,15.2,38.2,0.396,0.378,90.4,1.0,13.0
2025-01-23 12:44:00,reemya185@gmail.com,Bird-drop,warning,93.9,0.539,16.9,42.3,1.665,1.581,84.4,8.0,7.0
2025-01-24 17:07:00,green.energy.eg@gmail.com,Bird-drop,warning,91.3,0.222,17.6,37.6,0.325,0.306,84.7,1.5,14.0
2025-01-25 10:39:00,pvtech.uae@gmail.com,Physical-damage,critical,85.7,0.423,16.6,37.9,0.619,0.578,47.4,5.0,9.0
2025-01-26 09:39:00,maintenance01@solarfarm.com,Dusty,info,92.9,0.355,16.0,36.2,0.745,0.694,84.2,0.72,6.0
2025-01-28 12:16:00,nora.renewables@hotmail.com,Bird-drop,warning,92.6,0.562,12.4,35.9,1.646,1.533,78.5,0.72,6.0
2025-01-31 11:24:00,reemya185@gmail.com,Bird-drop,warning,93.0,0.552,13.1,36.5,1.654,1.552,85.9,10.0,1.0
2025-02-04 10:32:00,pvtech.uae@gmail.com,Physical-damage,critical,94.5,0.555,17.0,42.3,0.951,0.89,55.7,0.6,8.0
2025-02-04 12:01:00,inspector_m@yahoo.com,Dusty,info,92.5,0.65,16.1,44.9,1.614,1.529,67.7,10.0,12.0
2025-02-07 09:35:00,maintenance01@solarfarm.com,Dusty,info,86.0,0.388,15.6,39.9,0.725,0.685,76.1,0.33,5.0
2025-02-08 09:45:00,fatima.pv@outlook.com,Dusty,info,87.9,0.365,15.9,39.9,0.598,0.565,66.7,0.5,7.0
2025-02-08 13:20:00,inspector_m@yahoo.com,Clean,info,97.2,0.603,18.2,44.2,1.934,1.855,88.5,0.6,19.0
2025-02-11 16:13:00,inspector_m@yahoo.com,Electrical-damage,critical,98.2,0.416,19.8,45.4,0.343,0.32,33.1,0.3,7.0
2025-02-12 10:23:00,ahmed.solar@gmail.com,Clean,info,98.6,0.511,17.1,40.7,1.379,1.291,87.7,10.0,16.0
2025-02-13 15:20:00,reemya185@gmail.com,Dusty,info,92.8,0.492,19.1,41.5,1.174,1.11,78.3,1.5,12.0
2025-02-13 15:45:00,fatima.pv@outlook.com,Snow-covered,warning,96.8,0.451,19.7,44.0,0.461,0.432,33.3,0.4,8.0
2025-02-14 08:03:00,green.energy.eg@gmail.com,Clean,info,95.5,0.315,14.6,37.3,0.487,0.46,89.8,0.45,9.0
2025-02-18 09:20:00,reemya185@gmail.com,Dusty,info,83.2,0.428,16.5,41.1,0.775,0.727,73.2,0.25,3.0
2025-02-18 09:50:00,green.energy.eg@gmail.com,Electrical-damage,critical,89.3,0.441,16.8,38.5,0.362,0.345,33.7,0.4,8.0
2025-02-18 11:41:00,solarcheck.qa@gmail.com,Clean,info,91.4,0.496,14.8,42.5,1.51,1.43,88.1,0.5,11.0
2025-02-19 16:41:00,pvtech.uae@gmail.com,Dusty,info,93.7,0.437,19.2,44.3,0.743,0.71,70.0,0.6,5.0
2025-02-20 14:13:00,solar.ops.ksa@gmail.com,Clean,info,93.5,0.539,16.9,41.0,1.651,1.568,88.9,0.45,3.0
2025-02-22 15:37:00,solar.ops.ksa@gmail.com,Bird-drop,warning,93.7,0.547,17.6,42.8,1.305,1.231,78.1,0.25,2.0
2025-02-22 18:26:00,fatima.pv@outlook.com,Bird-drop,warning,89.7,0.132,16.5,32.4,0.101,0.097,87.7,0.45,4.0
2025-02-24 09:01:00,solar.ops.ksa@gmail.com,Dusty,info,89.3,0.363,16.4,40.7,0.745,0.697,82.7,0.3,5.0
2025-02-26 11:41:00,maintenance01@solarfarm.com,Electrical-damage,critical,87.2,0.584,15.6,42.9,1.036,0.981,51.3,0.5,12.0
2025-02-27 09:01:00,maintenance01@solarfarm.com,Dusty,info,93.8,0.449,16.6,39.6,0.803,0.759,72.8,0.33,7.0
2025-02-28 13:53:00,pvtech.uae@gmail.com,Dusty,info,93.8,0.524,15.0,40.7,1.538,1.463,80.4,3.0,8.0
2025-03-01 08:52:00,pvtech.uae@gmail.com,Electrical-damage,critical,91.2,0.342,18.4,40.6,0.215,0.206,37.0,3.0,6.0
2025-03-02 09:40:00,nora.renewables@hotmail.com,Dusty,info,94.4,0.413,21.3,44.4,0.823,0.787,82.1,0.45,6.0
2025-03-02 10:45:00,reemya185@gmail.com,Bird-drop,warning,93.7,0.566,19.6,47.2,1.307,1.254,76.9,1.0,8.0
2025-03-02 15:18:00,green.energy.eg@gmail.com,Clean,info,90.1,0.638,20.1,47.7,1.671,1.594,86.7,8.0,11.0
2025-03-03 16:02:00,reemya185@gmail.com,Electrical-damage,critical,95.6,0.427,23.8,45.2,0.432,0.407,41.1,3.0,5.0
2025-03-04 11:55:00,solar.ops.ksa@gmail.com,Dusty,info,91.0,0.582,23.7,52.8,1.395,1.331,69.9,8.0,7.0
2025-03-08 10:07:00,reemya185@gmail.com,Clean,info,92.9,0.551,23.4,48.7,1.437,1.339,84.4,0.72,9.0
2025-03-08 18:59:00,pvtech.uae@gmail.com,Physical-damage,critical,91.0,0.15,21.1,39.3,0.064,0.061,48.6,0.5,17.0
2025-03-09 09:49:00,fatima.pv@outlook.com,Dusty,info,81.1,0.437,20.2,41.6,0.852,0.816,80.5,0.72,6.0
2025-03-10 16:43:00,reemya185@gmail.com,Bird-drop,warning,89.6,0.451,18.5,44.3,0.891,0.844,80.6,0.5,7.0
2025-03-10 18:48:00,inspector_m@yahoo.com,Physical-damage,critical,96.1,0.175,21.7,40.0,0.078,0.075,51.2,10.0,8.0
2025-03-11 15:36:00,reemya185@gmail.com,Bird-drop,warning,83.2,0.572,23.9,50.2,1.381,1.299,78.8,0.4,4.0
2025-03-12 13:06:00,solarcheck.qa@gmail.com,Bird-drop,warning,94.2,0.688,21.1,50.2,1.88,1.801,75.3,0.72,9.0
2025-03-12 17:58:00,solar.ops.ksa@gmail.com,Electrical-damage,critical,95.5,0.289,20.0,42.9,0.18,0.171,36.4,0.6,18.0
2025-03-13 16:27:00,nora.renewables@hotmail.com,Electrical-damage,critical,88.6,0.519,24.0,50.6,0.447,0.429,35.6,8.0,6.0
2025-03-14 11:20:00,pvtech.uae@gmail.com,Clean,info,93.1,0.684,21.1,48.6,2.027,1.939,86.6,0.33,7.0
2025-03-15 11:44:00,nora.renewables@hotmail.com,Snow-covered,warning,87.1,0.737,18.7,47.5,0.491,0.458,19.0,0.4,4.0
2025-03-16 10:11:00,pvtech.uae@gmail.com,Physical-damage,critical,95.5,0.611,24.0,48.6,1.007,0.949,53.9,10.0,8.0
2025-03-16 14:38:00,pvtech.uae@gmail.com,Electrical-damage,critical,87.2,0.663,23.1,51.2,1.027,0.975,44.9,0.3,18.0
2025-03-17 09:53:00,nora.renewables@hotmail.com,Clean,info,88.0,0.451,20.4,44.3,0.966,0.921,88.0,0.3,8.0
2025-03-17 12:03:00,ahmed.solar@gmail.com,Clean,info,94.9,0.628,22.9,49.5,1.968,1.882,86.3,1.0,5.0
2025-03-18 11:24:00,pvtech.uae@gmail.com,Bird-drop,warning,83.2,0.695,23.2,50.4,1.747,1.667,73.3,0.45,6.0
2025-03-21 12:56:00,pvtech.uae@gmail.com,Clean,info,88.0,0.669,22.4,51.4,2.079,1.987,85.5,2.0,9.0
2025-03-22 13:28:00,green.energy.eg@gmail.com,Dusty,info,92.4,0.693,22.3,49.3,2.015,1.914,79.5,0.33,13.0
2025-03-24 09:51:00,green.energy.eg@gmail.com,Electrical-damage,critical,98.2,0.457,22.3,47.7,0.444,0.426,40.2,3.0,7.0
2025-03-24 14:07:00,maintenance01@solarfarm.com,Dusty,info,86.9,0.661,19.5,45.0,1.612,1.543,71.3,3.0,8.0
2025-03-25 10:52:00,solarcheck.qa@gmail.com,Snow-covered,warning,88.9,0.651,21.3,50.6,0.444,0.426,22.7,0.3,12.0
2025-03-26 16:35:00,maintenance01@solarfarm.com,Bird-drop,warning,89.3,0.481,18.3,44.4,0.991,0.932,83.5,2.0,4.0
2025-03-27 07:31:00,nora.renewables@hotmail.com,Dusty,info,88.5,0.159,22.6,42.2,0.103,0.097,72.8,0.72,17.0
2025-03-27 16:30:00,ahmed.solar@gmail.com,Bird-drop,warning,96.5,0.451,23.8,45.5,0.865,0.823,78.6,0.25,7.0
2025-03-28 09:13:00,solar.ops.ksa@gmail.com,Clean,info,98.9,0.494,23.5,47.1,1.045,0.999,87.1,1.0,6.0
2025-03-28 09:29:00,fatima.pv@outlook.com,Dusty,info,82.7,0.47,22.7,46.1,0.87,0.826,75.7,8.0,11.0
2025-03-28 13:05:00,green.energy.eg@gmail.com,Dusty,info,88.0,0.785,18.3,50.0,2.057,1.937,71.0,1.0,5.0
2025-03-31 07:48:00,reemya185@gmail.com,Physical-damage,critical,84.5,0.18,23.4,42.2,0.09,0.086,57.0,5.0,4.0
2025-03-31 16:14:00,nora.renewables@hotmail.com,Electrical-damage,critical,92.1,0.407,19.7,43.7,0.474,0.455,48.2,0.3,5.0
2025-04-03 09:12:00,green.energy.eg@gmail.com,Dusty,info,87.8,0.48,23.2,49.4,0.84,0.797,71.5,0.33,10.0
2025-04-03 12:03:00,ahmed.solar@gmail.com,Bird-drop,warning,93.7,0.785,25.2,53.1,2.285,2.155,79.0,0.4,4.0
2025-04-04 11:29:00,reemya185@gmail.com,Clean,info,89.3,0.708,28.7,59.0,2.002,1.872,80.8,5.0,7.0
2025-04-04 12:36:00,solarcheck.qa@gmail.com,Dusty,info,84.9,0.773,24.8,52.1,2.144,2.011,74.9,0.25,5.0
2025-04-07 13:39:00,reemya185@gmail.com,Physical-damage,critical,96.3,0.786,25.5,56.6,1.587,1.503,55.0,2.0,8.0
2025-04-07 14:04:00,reemya185@gmail.com,Bird-drop,warning,94.9,0.77,23.6,51.0,2.059,1.959,77.7,0.3,4.0
2025-04-08 12:34:00,ahmed.solar@gmail.com,Clean,info,93.9,0.752,24.8,55.8,2.291,2.137,81.8,3.0,11.0
2025-04-09 08:25:00,ahmed.solar@gmail.com,Snow-covered,warning,97.8,0.375,28.5,50.3,0.11,0.104,17.1,0.3,15.0
2025-04-09 10:09:00,solar.ops.ksa@gmail.com,Dusty,info,91.5,0.719,28.7,56.9,1.391,1.306,63.1,0.5,6.0
2025-04-10 14:52:00,inspector_m@yahoo.com,Clean,info,95.6,0.654,25.8,50.9,1.919,1.794,83.8,0.5,6.0
2025-04-10 17:06:00,reemya185@gmail.com,Snow-covered,warning,96.1,0.324,27.9,51.0,0.108,0.103,19.5,0.6,9.0
2025-04-13 10:33:00,solar.ops.ksa@gmail.com,Bird-drop,warning,89.5,0.663,23.3,50.3,1.604,1.5,78.5,0.25,10.0
2025-04-16 08:15:00,green.energy.eg@gmail.com,Clean,info,92.9,0.39,25.3,50.9,0.569,0.532,83.9,1.5,3.0
2025-04-17 14:35:00,solar.ops.ksa@gmail.com,Electrical-damage,critical,92.9,0.704,23.5,49.7,0.659,0.631,27.4,3.0,10.0
2025-04-17 18:47:00,inspector_m@yahoo.com,Dusty,info,83.3,0.204,25.8,47.5,0.147,0.14,81.9,0.4,12.0
2025-04-17 18:50:00,ahmed.solar@gmail.com,Bird-drop,warning,89.3,0.198,28.2,47.5,0.136,0.129,77.8,3.0,11.0
2025-04-21 16:52:00,fatima.pv@outlook.com,Physical-damage,critical,94.1,0.544,23.7,47.1,0.676,0.647,51.2,0.33,7.0
2025-04-24 07:22:00,green.energy.eg@gmail.com,Electrical-damage,critical,93.0,0.215,25.7,46.7,0.092,0.086,47.8,0.45,12.0
2025-04-24 16:21:00,ahmed.solar@gmail.com,Dusty,info,80.9,0.487,27.8,52.3,0.852,0.805,71.2,0.33,8.0
2025-04-25 09:51:00,green.energy.eg@gmail.com,Dusty,info,83.8,0.498,26.6,50.3,0.953,0.907,78.5,1.0,5.0
2025-04-25 10:15:00,pvtech.uae@gmail.com,Electrical-damage,critical,93.5,0.6,28.3,57.3,1.036,0.966,55.9,2.0,6.0
2025-04-29 18:29:00,nora.renewables@hotmail.com,Bird-drop,warning,88.0,0.192,24.8,41.7,0.143,0.135,83.9,10.0,9.0
2025-04-30 07:36:00,solar.ops.ksa@gmail.com,Electrical-damage,critical,94.5,0.176,24.4,46.4,0.077,0.072,48.8,0.45,8.0
2025-04-30 08:40:00,solar.ops.ksa@gmail.com,Clean,info,93.4,0.398,26.6,52.1,0.577,0.545,84.2,1.5,11.0
2025-04-30 16:03:00,nora.renewables@hotmail.com,Snow-covered,warning,88.8,0.596,28.8,52.6,0.423,0.405,29.3,0.25,10.0
2025-05-01 16:24:00,solarcheck.qa@gmail.com,Bird-drop,warning,90.9,0.51,29.9,53.3,0.974,0.916,77.4,2.0,5.0
2025-05-02 13:38:00,fatima.pv@outlook.com,Snow-covered,warning,94.6,0.876,30.6,59.5,1.24,1.159,38.1,0.25,7.0
2025-05-02 18:47:00,solar.ops.ksa@gmail.com,Snow-covered,warning,91.6,0.199,30.1,51.0,0.068,0.064,38.4,10.0,11.0
2025-05-04 14:43:00,reemya185@gmail.com,Dusty,info,95.6,0.857,32.8,62.7,1.965,1.865,66.5,2.0,7.0
2025-05-04 17:04:00,inspector_m@yahoo.com,Clean,info,90.0,0.458,31.6,55.0,0.656,0.623,83.6,8.0,5.0
2025-05-05 14:19:00,solarcheck.qa@gmail.com,Dusty,info,81.5,0.894,31.0,63.0,2.333,2.212,75.6,0.33,15.0
2025-05-05 15:34:00,solarcheck.qa@gmail.com,Clean,info,91.1,0.711,32.4,61.1,1.752,1.676,81.8,0.6,7.0
2025-05-06 11:13:00,inspector_m@yahoo.com,Bird-drop,warning,88.9,0.774,31.3,59.1,2.018,1.926,76.0,5.0,6.0
2025-05-07 18:33:00,maintenance01@solarfarm.com,Dusty,info,94.8,0.235,30.9,48.8,0.165,0.156,79.3,0.4,8.0
2025-05-13 08:44:00,reemya185@gmail.com,Dusty,info,83.2,0.405,33.3,54.9,0.436,0.415,63.0,1.5,6.0
2025-05-13 11:41:00,fatima.pv@outlook.com,Clean,info,98.1,0.838,33.4,61.8,2.339,2.197,80.1,5.0,6.0
2025-05-13 17:06:00,inspector_m@yahoo.com,Physical-damage,critical,96.0,0.431,33.4,59.5,0.323,0.308,43.9,0.5,9.0
2025-05-14 10:18:00,solarcheck.qa@gmail.com,Dusty,info,80.2,0.651,30.1,57.9,1.514,1.448,77.2,0.45,11.0
2025-05-14 15:56:00,solarcheck.qa@gmail.com,Dusty,info,82.1,0.645,31.6,57.7,1.238,1.167,62.8,8.0,7.0
2025-05-15 10:05:00,green.energy.eg@gmail.com,Clean,info,98.7,0.739,30.3,58.3,1.845,1.729,81.2,0.6,5.0
2025-05-15 15:12:00,ahmed.solar@gmail.com,Clean,info,92.2,0.783,30.4,61.5,1.926,1.805,80.0,1.5,7.0
2025-05-16 12:57:00,fatima.pv@outlook.com,Dusty,info,85.3,0.81,34.0,67.4,1.866,1.773,63.0,1.5,7.0
2025-05-16 13:50:00,solar.ops.ksa@gmail.com,Clean,info,91.5,0.914,28.8,60.0,2.731,2.571,81.0,1.5,7.0
2025-05-16 13:54:00,maintenance01@solarfarm.com,Snow-covered,warning,91.9,0.893,32.4,67.5,0.907,0.869,28.0,0.45,5.0
2025-05-17 11:10:00,maintenance01@solarfarm.com,Electrical-damage,critical,94.3,0.798,31.9,59.9,1.519,1.443,55.3,1.0,11.0
2025-05-17 18:25:00,green.energy.eg@gmail.com,Bird-drop,warning,95.6,0.224,28.8,49.0,0.15,0.141,75.2,5.0,5.0
2025-05-18 16:37:00,solarcheck.qa@gmail.com,Dusty,info,88.0,0.562,28.3,56.0,0.896,0.845,64.8,0.33,3.0
2025-05-19 10:04:00,solarcheck.qa@gmail.com,Bird-drop,warning,87.1,0.732,30.4,57.4,1.651,1.579,74.9,0.45,10.0
2025-05-20 17:28:00,pvtech.uae@gmail.com,Dusty,info,95.8,0.405,33.9,58.0,0.497,0.465,70.6,0.6,11.0
2025-05-21 13:28:00,solar.ops.ksa@gmail.com,Clean,info,92.2,0.771,32.7,60.8,2.295,2.154,80.4,0.5,5.0
2025-05-22 13:37:00,fatima.pv@outlook.com,Bird-drop,warning,91.2,0.865,30.5,61.2,2.358,2.259,75.2,3.0,5.0
2025-05-22 14:44:00,ahmed.solar@gmail.com,Clean,info,90.2,0.887,31.7,62.5,2.467,2.342,80.7,0.4,9.0
2025-05-24 16:14:00,pvtech.uae@gmail.com,Bird-drop,warning,83.5,0.647,32.2,60.3,1.204,1.125,74.9,0.5,15.0
2025-05-25 12:57:00,solarcheck.qa@gmail.com,Dusty,info,87.3,0.953,30.9,66.4,2.476,2.363,71.4,0.33,5.0
2025-05-25 17:54:00,inspector_m@yahoo.com,Bird-drop,warning,86.3,0.383,29.5,55.2,0.473,0.446,71.6,0.6,8.0
2025-05-27 08:35:00,maintenance01@solarfarm.com,Bird-drop,warning,95.8,0.407,30.8,52.2,0.512,0.483,73.0,10.0,6.0
2025-05-28 08:11:00,inspector_m@yahoo.com,Bird-drop,warning,91.4,0.384,29.5,49.8,0.493,0.466,74.6,10.0,11.0
2025-05-28 08:53:00,reemya185@gmail.com,Electrical-damage,critical,96.2,0.456,30.1,55.1,0.334,0.32,43.1,0.45,7.0
2025-05-28 10:00:00,fatima.pv@outlook.com,Clean,info,93.6,0.745,30.5,60.2,1.844,1.74,81.1,0.4,7.0
2025-05-28 12:29:00,fatima.pv@outlook.com,Dusty,info,82.0,0.906,30.0,63.9,2.272,2.124,67.5,0.33,9.0
2025-05-30 08:55:00,fatima.pv@outlook.com,Physical-damage,critical,92.7,0.424,31.4,52.6,0.35,0.33,47.9,5.0,8.0
2025-06-01 14:33:00,solarcheck.qa@gmail.com,Dusty,info,93.5,0.849,37.4,66.3,1.789,1.691,60.9,0.5,5.0
2025-06-02 18:22:00,inspector_m@yahoo.com,Physical-damage,critical,94.5,0.226,33.5,53.3,0.09,0.086,45.4,1.5,7.0
2025-06-03 08:56:00,ahmed.solar@gmail.com,Bird-drop,warning,82.9,0.446,34.5,59.3,0.59,0.563,77.6,10.0,17.0
2025-06-05 08:07:00,green.energy.eg@gmail.com,Dusty,info,92.7,0.444,34.8,58.1,0.574,0.549,76.0,0.72,11.0
2025-06-05 14:31:00,nora.renewables@hotmail.com,Electrical-damage,critical,97.8,0.885,35.7,65.1,1.689,1.606,55.5,0.5,8.0
2025-06-06 17:43:00,reemya185@gmail.com,Electrical-damage,critical,97.4,0.388,34.0,59.6,0.264,0.248,39.3,1.0,9.0
2025-06-07 11:04:00,nora.renewables@hotmail.com,Bird-drop,warning,90.1,0.784,37.2,69.8,1.99,1.881,73.3,3.0,4.0
2025-06-07 16:08:00,reemya185@gmail.com,Bird-drop,warning,92.1,0.639,33.0,57.9,1.121,1.065,71.8,2.0,7.0
2025-06-08 17:30:00,ahmed.solar@gmail.com,Snow-covered,warning,94.7,0.484,32.2,59.1,0.195,0.185,23.5,0.5,14.0
2025-06-11 10:21:00,fatima.pv@outlook.com,Electrical-damage,critical,88.8,0.772,36.3,67.2,0.624,0.586,26.4,0.33,5.0
2025-06-15 15:22:00,maintenance01@solarfarm.com,Bird-drop,warning,86.3,0.708,37.8,63.6,1.633,1.566,76.8,0.25,19.0
2025-06-16 11:34:00,maintenance01@solarfarm.com,Dusty,info,82.4,0.776,36.5,69.0,1.941,1.832,72.1,1.5,12.0
2025-06-17 10:56:00,reemya185@gmail.com,Dusty,info,81.4,0.76,33.5,61.9,1.478,1.389,63.4,0.4,10.0
2025-06-18 13:16:00,pvtech.uae@gmail.com,Dusty,info,86.4,1.017,34.2,69.0,2.433,2.31,65.4,0.33,7.0
2025-06-18 13:47:00,inspector_m@yahoo.com,Bird-drop,warning,93.4,0.823,37.0,66.7,2.234,2.092,73.2,0.33,4.0
2025-06-19 18:04:00,ahmed.solar@gmail.com,Bird-drop,warning,96.7,0.215,36.9,59.7,0.149,0.139,77.2,2.0,6.0
2025-06-23 12:28:00,fatima.pv@outlook.com,Bird-drop,warning,92.5,1.016,36.3,71.2,2.768,2.602,73.7,0.45,11.0
2025-06-25 14:33:00,reemya185@gmail.com,Bird-drop,warning,90.2,0.871,37.9,71.1,2.021,1.891,66.3,0.4,7.0
2025-06-25 15:59:00,maintenance01@solarfarm.com,Snow-covered,warning,85.5,0.673,37.3,65.6,0.533,0.512,26.4,0.45,12.0
2025-06-28 08:21:00,fatima.pv@outlook.com,Dusty,info,89.5,0.409,33.8,55.5,0.489,0.455,68.4,1.0,5.0
2025-06-30 07:05:00,maintenance01@solarfarm.com,Clean,info,90.7,0.199,34.7,55.8,0.146,0.137,82.2,0.72,12.0
2025-06-30 10:37:00,nora.renewables@hotmail.com,Clean,info,91.5,0.732,37.4,63.7,1.782,1.693,80.3,2.0,13.0
2025-06-30 14:02:00,inspector_m@yahoo.com,Electrical-damage,critical,88.9,0.946,34.6,69.1,0.978,0.932,30.1,2.0,10.0
2025-07-01 09:08:00,pvtech.uae@gmail.com,Electrical-damage,critical,87.1,0.633,35.3,60.5,0.4,0.373,25.4,0.25,5.0
2025-07-02 10:36:00,fatima.pv@outlook.com,Dusty,info,80.3,0.812,34.1,66.6,1.648,1.548,66.2,0.33,5.0
2025-07-02 12:57:00,fatima.pv@outlook.com,Bird-drop,warning,96.3,0.789,36.9,68.2,1.958,1.864,68.0,0.72,3.0
2025-07-02 15:34:00,maintenance01@solarfarm.com,Clean,info,98.2,0.693,37.2,66.2,1.667,1.58,79.2,1.0,3.0
2025-07-05 10:11:00,ahmed.solar@gmail.com,Dusty,info,85.9,0.658,34.7,62.3,1.346,1.29,68.1,2.0,10.0
2025-07-09 08:39:00,inspector_m@yahoo.com,Dusty,info,89.6,0.43,34.3,55.8,0.469,0.444,63.5,1.0,8.0
2025-07-09 14:22:00,green.energy.eg@gmail.com,Dusty,info,82.2,0.817,35.6,68.4,1.674,1.574,58.9,8.0,11.0
2025-07-10 09:15:00,solar.ops.ksa@gmail.com,Bird-drop,warning,86.1,0.642,36.3,63.9,1.14,1.078,72.3,0.45,6.0
2025-07-11 07:10:00,inspector_m@yahoo.com,Dusty,info,92.0,0.231,36.4,57.1,0.149,0.142,73.4,0.25,6.0
2025-07-12 18:15:00,fatima.pv@outlook.com,Clean,info,96.5,0.228,37.2,56.2,0.167,0.159,83.3,0.45,14.0
2025-07-13 14:16:00,pvtech.uae@gmail.com,Dusty,info,85.0,0.82,39.5,70.8,2.075,1.964,73.2,0.3,20.0
2025-07-14 12:08:00,solarcheck.qa@gmail.com,Dusty,info,89.4,0.799,39.9,69.2,1.979,1.889,68.0,0.72,4.0
2025-07-14 13:09:00,green.energy.eg@gmail.com,Electrical-damage,critical,98.9,1.013,34.8,70.2,1.613,1.521,43.2,0.45,11.0
2025-07-15 18:49:00,solarcheck.qa@gmail.com,Bird-drop,warning,83.8,0.217,38.2,61.1,0.139,0.13,71.5,5.0,8.0
2025-07-18 13:12:00,fatima.pv@outlook.com,Dusty,info,83.6,0.865,39.9,72.3,1.905,1.819,60.5,8.0,1.0
2025-07-22 08:50:00,maintenance01@solarfarm.com,Dusty,info,95.0,0.459,35.9,58.2,0.546,0.517,69.2,1.5,9.0
2025-07-22 13:16:00,ahmed.solar@gmail.com,Clean,info,88.1,0.822,38.9,71.7,2.323,2.197,76.9,0.25,6.0
2025-07-23 15:52:00,pvtech.uae@gmail.com,Electrical-damage,critical,96.8,0.705,36.2,65.8,0.625,0.592,29.2,0.3,6.0
2025-07-24 15:57:00,inspector_m@yahoo.com,Snow-covered,warning,97.6,0.818,38.4,70.3,0.224,0.213,9.0,0.25,18.0
2025-07-27 12:21:00,ahmed.solar@gmail.com,Dusty,info,83.4,0.95,36.8,72.4,2.215,2.107,63.8,2.0,11.0
2025-07-30 15:38:00,pvtech.uae@gmail.com,Dusty,info,91.4,0.816,35.7,69.1,1.757,1.666,70.9,0.6,3.0
2025-07-30 17:26:00,green.energy.eg@gmail.com,Clean,info,92.5,0.407,35.4,56.9,0.578,0.541,81.7,10.0,10.0
2025-07-31 11:37:00,fatima.pv@outlook.com,Dusty,info,88.0,0.789,38.0,65.3,1.854,1.732,67.1,0.33,2.0
2025-08-01 16:42:00,nora.renewables@hotmail.com,Bird-drop,warning,83.2,0.633,34.2,62.1,1.151,1.105,75.2,0.25,13.0
2025-08-02 07:35:00,reemya185@gmail.com,Physical-damage,critical,92.7,0.195,37.4,59.4,0.066,0.062,38.0,0.33,9.0
2025-08-02 08:21:00,solar.ops.ksa@gmail.com,Snow-covered,warning,90.1,0.411,37.9,64.0,0.097,0.092,13.8,0.45,9.0
2025-08-02 13:31:00,solarcheck.qa@gmail.com,Dusty,info,92.2,0.99,38.0,72.6,2.606,2.439,70.9,0.45,2.0
2025-08-03 14:57:00,fatima.pv@outlook.com,Dusty,info,91.3,0.749,37.0,63.7,1.865,1.786,72.9,0.3,3.0
2025-08-04 07:30:00,fatima.pv@outlook.com,Clean,info,97.1,0.226,34.6,54.8,0.167,0.158,83.5,2.0,8.0
2025-08-04 09:59:00,ahmed.solar@gmail.com,Electrical-damage,critical,90.3,0.635,39.0,65.4,0.575,0.547,37.1,0.25,7.0
2025-08-04 14:05:00,solar.ops.ksa@gmail.com,Physical-damage,critical,91.5,0.878,39.8,69.9,1.269,1.206,42.0,0.25,12.0
2025-08-04 15:52:00,inspector_m@yahoo.com,Electrical-damage,critical,93.9,0.688,39.3,70.3,0.979,0.916,46.2,0.33,6.0
2025-08-05 15:38:00,inspector_m@yahoo.com,Dusty,info,91.6,0.787,37.0,70.0,1.715,1.618,71.4,0.4,7.0
2025-08-06 08:00:00,maintenance01@solarfarm.com,Dusty,info,86.1,0.373,34.6,58.7,0.455,0.431,71.0,0.72,4.0
2025-08-08 16:46:00,reemya185@gmail.com,Bird-drop,warning,88.2,0.654,34.4,64.1,1.188,1.116,73.5,0.6,8.0
2025-08-09 17:06:00,nora.renewables@hotmail.com,Snow-covered,warning,90.4,0.418,37.1,58.5,0.071,0.068,10.0,5.0,17.0
2025-08-11 12:31:00,ahmed.solar@gmail.com,Bird-drop,warning,84.2,0.865,35.5,67.8,2.172,2.067,68.8,1.5,6.0
2025-08-12 13:13:00,green.energy.eg@gmail.com,Dusty,info,91.3,0.858,34.9,69.3,2.275,2.179,73.1,0.4,11.0
2025-08-13 07:42:00,inspector_m@yahoo.com,Snow-covered,warning,92.4,0.2,35.7,56.2,0.077,0.074,44.2,0.5,5.0
2025-08-13 12:53:00,solarcheck.qa@gmail.com,Bird-drop,warning,94.5,0.947,34.6,68.2,2.548,2.408,73.2,0.6,13.0
2025-08-13 14:00:00,maintenance01@solarfarm.com,Snow-covered,warning,87.9,0.725,37.1,65.7,0.245,0.23,9.7,8.0,8.0
2025-08-13 15:45:00,nora.renewables@hotmail.com,Dusty,info,94.7,0.641,39.8,69.4,1.189,1.131,61.3,1.0,4.0
2025-08-13 16:47:00,ahmed.solar@gmail.com,Clean,info,96.8,0.611,39.6,68.8,1.17,1.115,78.6,5.0,11.0
2025-08-13 18:20:00,solarcheck.qa@gmail.com,Dusty,info,93.2,0.187,39.6,56.3,0.114,0.108,69.0,0.6,13.0
2025-08-14 07:49:00,inspector_m@yahoo.com,Clean,info,95.8,0.214,38.4,55.7,0.157,0.146,81.5,0.72,4.0
2025-08-15 08:25:00,solar.ops.ksa@gmail.com,Dusty,info,84.6,0.364,39.4,61.7,0.382,0.363,61.3,5.0,4.0
2025-08-15 12:37:00,solarcheck.qa@gmail.com,Physical-damage,critical,94.8,0.855,38.1,67.8,1.229,1.178,39.7,0.4,5.0
2025-08-15 17:41:00,green.energy.eg@gmail.com,Electrical-damage,critical,91.4,0.392,35.3,55.6,0.372,0.35,54.9,3.0,8.0
2025-08-16 17:16:00,solarcheck.qa@gmail.com,Physical-damage,critical,88.5,0.439,34.4,55.8,0.373,0.351,49.2,1.0,16.0
2025-08-17 09:26:00,nora.renewables@hotmail.com,Clean,info,95.8,0.565,38.9,62.7,1.114,1.065,81.2,3.0,13.0
2025-08-17 13:28:00,solar.ops.ksa@gmail.com,Clean,info,96.4,0.846,36.2,64.4,2.476,2.327,79.2,0.5,6.0
2025-08-17 14:55:00,green.energy.eg@gmail.com,Snow-covered,warning,91.9,0.85,36.3,70.4,0.613,0.586,21.1,0.6,3.0
2025-08-17 17:27:00,solar.ops.ksa@gmail.com,Clean,info,94.8,0.363,37.4,61.5,0.504,0.482,81.6,5.0,9.0
2025-08-20 14:37:00,ahmed.solar@gmail.com,Bird-drop,warning,83.6,0.726,34.7,61.0,1.775,1.655,69.7,0.45,8.0
2025-08-21 09:06:00,nora.renewables@hotmail.com,Clean,info,93.2,0.566,35.7,60.7,1.126,1.056,80.4,0.33,5.0
2025-08-21 18:30:00,nora.renewables@hotmail.com,Dusty,info,84.4,0.203,39.1,57.0,0.131,0.122,71.8,8.0,9.0
2025-08-24 10:33:00,nora.renewables@hotmail.com,Bird-drop,warning,96.1,0.688,40.0,67.9,1.537,1.451,73.2,0.72,19.0
2025-08-26 07:58:00,maintenance01@solarfarm.com,Snow-covered,warning,95.6,0.193,34.7,53.0,0.032,0.03,18.6,1.5,4.0
2025-08-26 17:59:00,reemya185@gmail.com,Snow-covered,warning,92.6,0.381,37.1,58.7,0.085,0.081,13.1,0.6,6.0
2025-08-26 18:02:00,solarcheck.qa@gmail.com,Bird-drop,warning,87.4,0.22,36.5,53.6,0.152,0.142,77.1,2.0,12.0
2025-08-27 14:48:00,pvtech.uae@gmail.com,Clean,info,93.6,0.934,39.1,70.2,2.504,2.399,78.5,2.0,4.0
2025-08-27 15:32:00,reemya185@gmail.com,Physical-damage,critical,89.9,0.69,36.6,66.1,0.914,0.86,43.3,1.0,4.0
2025-08-27 17:57:00,green.energy.eg@gmail.com,Bird-drop,warning,88.6,0.426,35.4,56.5,0.577,0.539,77.8,0.6,5.0
2025-08-28 09:38:00,maintenance01@solarfarm.com,Clean,info,90.6,0.649,36.5,62.8,1.279,1.213,80.5,2.0,11.0
2025-08-29 07:59:00,green.energy.eg@gmail.com,Clean,info,94.7,0.185,35.0,55.6,0.136,0.129,83.2,0.3,4.0
2025-08-29 18:11:00,inspector_m@yahoo.com,Dusty,info,92.5,0.21,39.9,59.6,0.128,0.122,69.4,0.25,4.0
2025-08-30 13:13:00,fatima.pv@outlook.com,Snow-covered,warning,92.2,0.96,37.4,70.8,1.487,1.39,41.7,0.72,9.0
2025-08-30 14:49:00,solar.ops.ksa@gmail.com,Bird-drop,warning,92.1,0.924,38.1,70.7,2.222,2.109,69.7,0.6,11.0
2025-09-02 10:29:00,solar.ops.ksa@gmail.com,Physical-damage,critical,85.0,0.611,35.5,62.0,0.76,0.716,40.7,1.0,11.0
2025-09-04 08:37:00,green.energy.eg@gmail.com,Bird-drop,warning,86.9,0.35,35.4,57.0,0.474,0.449,78.9,0.5,7.0
2025-09-06 07:23:00,nora.renewables@hotmail.com,Electrical-damage,critical,87.2,0.175,34.7,51.6,0.048,0.046,31.4,0.45,15.0
2025-09-08 12:01:00,pvtech.uae@gmail.com,Bird-drop,warning,91.3,0.727,30.9,57.8,2.035,1.933,76.5,10.0,4.0
2025-09-10 15:18:00,nora.renewables@hotmail.com,Bird-drop,warning,83.2,0.624,34.1,62.9,1.402,1.33,74.0,10.0,7.0
2025-09-12 14:53:00,inspector_m@yahoo.com,Dusty,info,95.0,0.675,33.3,62.7,1.557,1.457,66.0,0.4,6.0
2025-09-14 11:24:00,green.energy.eg@gmail.com,Snow-covered,warning,97.0,0.845,32.0,62.3,1.252,1.184,42.8,0.25,8.0
2025-09-14 16:01:00,reemya185@gmail.com,Clean,info,98.7,0.575,33.5,62.6,1.134,1.057,79.2,0.72,5.0
2025-09-15 09:27:00,ahmed.solar@gmail.com,Clean,info,95.8,0.586,35.1,64.2,1.147,1.076,79.1,10.0,4.0
2025-09-16 16:02:00,ahmed.solar@gmail.com,Dusty,info,95.7,0.57,31.2,60.2,1.003,0.945,71.4,5.0,19.0
2025-09-17 14:37:00,ahmed.solar@gmail.com,Clean,info,90.9,0.789,35.0,67.5,2.143,2.031,78.7,5.0,6.0
2025-09-20 08:14:00,pvtech.uae@gmail.com,Physical-damage,critical,90.3,0.403,34.3,54.8,0.302,0.284,43.3,0.45,8.0
2025-09-20 10:56:00,ahmed.solar@gmail.com,Dusty,info,83.4,0.713,33.9,60.8,1.483,1.404,68.4,0.25,15.0
2025-09-20 13:20:00,fatima.pv@outlook.com,Clean,info,95.7,0.752,32.9,60.8,2.239,2.149,82.2,1.0,6.0
2025-09-21 16:12:00,fatima.pv@outlook.com,Dusty,info,93.0,0.476,35.8,62.7,0.719,0.689,62.4,2.0,6.0
2025-09-21 17:47:00,pvtech.uae@gmail.com,Bird-drop,warning,83.3,0.362,34.6,58.1,0.446,0.418,71.0,0.5,8.0
2025-09-22 13:27:00,reemya185@gmail.com,Bird-drop,warning,92.1,0.821,35.2,64.2,2.279,2.13,74.7,3.0,3.0
2025-09-22 14:36:00,solar.ops.ksa@gmail.com,Dusty,info,86.5,0.737,33.7,65.1,1.802,1.727,71.6,0.25,2.0
2025-09-23 16:47:00,solar.ops.ksa@gmail.com,Clean,info,96.1,0.511,32.0,58.6,1.027,0.975,82.2,5.0,9.0
2025-09-24 12:42:00,fatima.pv@outlook.com,Bird-drop,warning,92.0,0.791,30.6,61.7,2.038,1.91,69.5,0.72,7.0
2025-09-25 08:01:00,nora.renewables@hotmail.com,Clean,info,92.3,0.392,31.0,52.2,0.568,0.53,83.1,3.0,3.0
2025-09-26 08:07:00,maintenance01@solarfarm.com,Dusty,info,92.7,0.343,32.8,52.0,0.469,0.44,78.9,2.0,6.0
2025-09-28 12:05:00,nora.renewables@hotmail.com,Dusty,info,93.2,0.797,35.3,66.9,2.155,2.011,72.6,0.5,10.0
2025-10-03 10:47:00,solar.ops.ksa@gmail.com,Bird-drop,warning,88.9,0.514,24.6,50.7,1.278,1.216,82.1,5.0,11.0
2025-10-03 18:13:00,solarcheck.qa@gmail.com,Dusty,info,85.2,0.183,26.2,44.2,0.108,0.103,67.2,0.3,8.0
2025-10-05 10:53:00,solar.ops.ksa@gmail.com,Clean,info,94.4,0.597,29.1,55.4,1.511,1.42,82.6,0.5,5.0
2025-10-05 13:19:00,maintenance01@solarfarm.com,Dusty,info,89.7,0.596,24.5,50.6,1.709,1.598,77.2,1.5,12.0
2025-10-05 17:36:00,green.energy.eg@gmail.com,Clean,info,96.5,0.352,28.8,51.9,0.511,0.489,85.4,0.45,5.0
2025-10-08 16:47:00,fatima.pv@outlook.com,Bird-drop,warning,87.3,0.434,24.1,45.7,0.843,0.795,78.9,0.3,11.0
2025-10-09 13:09:00,pvtech.uae@gmail.com,Clean,info,95.2,0.642,24.6,53.8,1.974,1.875,84.1,1.5,4.0
2025-10-10 11:07:00,inspector_m@yahoo.com,Dusty,info,81.7,0.623,25.0,50.2,1.679,1.576,77.3,0.6,15.0
2025-10-10 14:07:00,inspector_m@yahoo.com,Dusty,info,88.1,0.59,24.7,52.0,1.482,1.413,73.2,2.0,11.0
2025-10-11 13:00:00,green.energy.eg@gmail.com,Dusty,info,89.0,0.629,24.2,48.7,1.485,1.39,63.6,0.5,8.0
2025-10-11 14:47:00,solar.ops.ksa@gmail.com,Clean,info,94.6,0.645,24.5,51.9,1.884,1.781,84.4,0.6,7.0
2025-10-11 16:17:00,inspector_m@yahoo.com,Dusty,info,88.5,0.473,24.3,49.1,0.817,0.768,70.0,3.0,8.0
2025-10-11 18:29:00,inspector_m@yahoo.com,Clean,info,97.7,0.164,26.6,44.5,0.127,0.12,87.4,1.0,9.0
2025-10-13 10:28:00,ahmed.solar@gmail.com,Bird-drop,warning,87.7,0.512,24.9,47.5,1.276,1.22,82.7,0.5,8.0
2025-10-13 13:43:00,nora.renewables@hotmail.com,Electrical-damage,critical,98.0,0.61,24.9,50.2,1.31,1.229,58.0,1.5,10.0
2025-10-13 16:47:00,green.energy.eg@gmail.com,Electrical-damage,critical,91.4,0.466,29.9,52.1,0.313,0.296,27.4,10.0,4.0
2025-10-16 10:13:00,ahmed.solar@gmail.com,Physical-damage,critical,90.2,0.536,27.5,52.4,0.747,0.709,45.9,0.45,7.0
2025-10-16 14:46:00,reemya185@gmail.com,Bird-drop,warning,86.7,0.599,26.6,55.6,1.504,1.437,73.3,8.0,11.0
2025-10-19 09:53:00,maintenance01@solarfarm.com,Dusty,info,94.8,0.404,28.4,49.8,0.718,0.686,73.2,0.6,7.0
2025-10-19 14:34:00,inspector_m@yahoo.com,Clean,info,93.1,0.664,27.3,52.8,1.931,1.821,83.8,0.25,18.0
2025-10-19 18:03:00,solarcheck.qa@gmail.com,Snow-covered,warning,86.5,0.177,26.2,43.1,0.048,0.045,30.4,0.6,8.0
2025-10-20 09:38:00,maintenance01@solarfarm.com,Dusty,info,85.8,0.416,29.4,53.8,0.713,0.667,69.1,0.33,6.0
2025-10-21 18:16:00,maintenance01@solarfarm.com,Dusty,info,95.9,0.154,24.1,43.7,0.109,0.102,79.1,2.0,14.0
2025-10-24 16:46:00,solarcheck.qa@gmail.com,Dusty,info,81.6,0.427,26.1,52.2,0.704,0.675,68.1,8.0,7.0
2025-10-25 08:10:00,nora.renewables@hotmail.com,Electrical-damage,critical,91.5,0.311,27.8,48.8,0.138,0.13,25.7,0.4,8.0
2025-10-26 15:20:00,fatima.pv@outlook.com,Clean,info,90.6,0.574,24.5,53.7,1.464,1.405,85.0,0.3,9.0
2025-10-28 10:39:00,nora.renewables@hotmail.com,Clean,info,95.3,0.521,24.2,47.2,1.367,1.286,85.7,0.6,13.0
2025-10-28 15:49:00,solarcheck.qa@gmail.com,Physical-damage,critical,85.7,0.601,25.3,52.9,0.857,0.8,46.2,0.72,5.0
2025-10-29 13:00:00,solar.ops.ksa@gmail.com,Electrical-damage,critical,95.0,0.683,25.5,52.4,0.991,0.934,39.4,0.25,13.0
2025-10-30 18:20:00,solarcheck.qa@gmail.com,Bird-drop,warning,82.0,0.184,26.5,48.2,0.129,0.121,78.5,0.25,8.0
2025-11-02 18:51:00,solarcheck.qa@gmail.com,Snow-covered,warning,90.5,0.141,23.4,42.8,0.02,0.019,16.1,0.45,6.0
2025-11-03 15:58:00,fatima.pv@outlook.com,Physical-damage,critical,97.3,0.5,22.7,45.2,0.955,0.903,62.7,0.72,6.0
2025-11-04 09:52:00,pvtech.uae@gmail.com,Snow-covered,warning,88.3,0.369,21.7,41.8,0.138,0.132,15.4,0.25,19.0
2025-11-04 16:46:00,nora.renewables@hotmail.com,Bird-drop,warning,94.9,0.365,18.9,40.7,0.726,0.677,79.9,0.33,16.0
2025-11-06 11:21:00,pvtech.uae@gmail.com,Bird-drop,warning,95.4,0.591,18.1,42.9,1.582,1.474,76.2,1.5,8.0
2025-11-07 09:46:00,maintenance01@solarfarm.com,Bird-drop,warning,85.7,0.341,20.9,46.0,0.623,0.584,73.8,0.6,6.0
2025-11-07 17:52:00,reemya185@gmail.com,Snow-covered,warning,96.8,0.283,22.0,44.2,0.247,0.236,51.3,0.3,18.0
2025-11-10 17:18:00,fatima.pv@outlook.com,Electrical-damage,critical,88.2,0.261,21.3,40.4,0.175,0.168,39.6,0.33,2.0
2025-11-11 07:08:00,inspector_m@yahoo.com,Clean,info,92.1,0.122,23.4,41.6,0.095,0.091,89.1,10.0,3.0
2025-11-11 08:57:00,inspector_m@yahoo.com,Bird-drop,warning,93.3,0.23,20.8,43.7,0.321,0.304,81.3,10.0,8.0
2025-11-12 17:53:00,reemya185@gmail.com,Dusty,info,80.6,0.239,19.7,42.8,0.317,0.298,76.7,0.33,9.0
2025-11-13 13:49:00,solar.ops.ksa@gmail.com,Electrical-damage,critical,96.0,0.625,19.4,44.4,1.265,1.185,54.6,1.0,1.0
2025-11-14 08:48:00,pvtech.uae@gmail.com,Snow-covered,warning,96.2,0.293,18.6,37.8,0.156,0.15,31.5,8.0,5.0
2025-11-18 17:16:00,solar.ops.ksa@gmail.com,Electrical-damage,critical,93.4,0.234,21.3,44.3,0.148,0.14,36.8,5.0,3.0
2025-11-19 10:47:00,solar.ops.ksa@gmail.com,Snow-covered,warning,93.2,0.418,23.6,48.3,0.371,0.346,28.7,1.5,5.0
2025-11-19 18:17:00,reemya185@gmail.com,Bird-drop,warning,84.9,0.139,19.1,36.7,0.1,0.095,81.6,2.0,5.0
2025-11-20 10:50:00,pvtech.uae@gmail.com,Clean,info,89.8,0.412,20.2,46.3,1.086,1.031,86.9,0.72,4.0
2025-11-20 17:44:00,fatima.pv@outlook.com,Clean,info,88.1,0.258,18.9,41.9,0.391,0.368,87.7,0.33,4.0
2025-11-22 07:00:00,fatima.pv@outlook.com,Bird-drop,warning,86.7,0.145,19.1,36.7,0.106,0.1,82.3,0.45,7.0
2025-11-22 09:44:00,solarcheck.qa@gmail.com,Bird-drop,warning,87.2,0.406,18.8,41.1,0.788,0.751,79.7,0.72,4.0
2025-11-22 12:49:00,nora.renewables@hotmail.com,Dusty,info,83.1,0.523,18.7,41.6,1.575,1.498,82.4,0.72,11.0
2025-11-22 14:30:00,pvtech.uae@gmail.com,Clean,info,88.1,0.497,18.1,40.5,1.526,1.464,90.0,5.0,7.0
2025-11-22 17:07:00,green.energy.eg@gmail.com,Dusty,info,87.4,0.247,23.0,43.4,0.292,0.273,68.0,5.0,4.0
2025-11-23 09:47:00,pvtech.uae@gmail.com,Physical-damage,critical,87.8,0.405,23.4,45.6,0.533,0.498,53.0,3.0,9.0
2025-11-25 17:07:00,solar.ops.ksa@gmail.com,Bird-drop,warning,86.4,0.257,18.4,38.1,0.353,0.33,78.9,1.5,11.0
2025-11-27 08:54:00,inspector_m@yahoo.com,Dusty,info,80.0,0.248,21.3,42.7,0.347,0.331,82.1,8.0,6.0
2025-11-28 10:34:00,pvtech.uae@gmail.com,Dusty,info,92.4,0.409,21.5,47.5,0.825,0.782,66.4,0.3,1.0
2025-11-28 13:43:00,nora.renewables@hotmail.com,Dusty,info,94.7,0.614,19.1,47.3,1.581,1.51,70.8,0.25,9.0
2025-11-29 09:59:00,green.energy.eg@gmail.com,Physical-damage,critical,92.5,0.356,20.1,43.2,0.567,0.533,64.5,0.3,11.0
2025-11-29 11:52:00,inspector_m@yahoo.com,Dusty,info,85.8,0.527,22.6,49.2,1.338,1.263,73.2,1.0,14.0
2025-11-29 16:51:00,reemya185@gmail.com,Dusty,info,80.3,0.419,22.4,45.1,0.812,0.763,78.5,0.72,10.0
2025-11-30 15:23:00,inspector_m@yahoo.com,Electrical-damage,critical,98.4,0.508,22.2,48.7,0.832,0.788,53.9,2.0,9.0
2025-12-02 08:46:00,reemya185@gmail.com,Dusty,info,82.9,0.217,17.9,35.3,0.269,0.257,72.8,0.45,6.0
2025-12-05 17:48:00,ahmed.solar@gmail.com,Bird-drop,warning,86.0,0.233,17.6,35.8,0.329,0.311,82.1,2.0,5.0
2025-12-07 09:24:00,pvtech.uae@gmail.com,Dusty,info,81.0,0.287,18.6,38.9,0.507,0.474,71.2,0.6,3.0
2025-12-07 11:27:00,nora.renewables@hotmail.com,Bird-drop,warning,86.7,0.408,14.2,34.8,1.169,1.1,82.4,3.0,12.0
2025-12-08 17:09:00,solarcheck.qa@gmail.com,Dusty,info,86.1,0.23,16.2,37.7,0.296,0.283,75.6,0.3,8.0
2025-12-09 13:26:00,nora.renewables@hotmail.com,Dusty,info,88.8,0.499,14.2,38.6,1.418,1.322,76.3,0.45,6.0
2025-12-13 09:16:00,nora.renewables@hotmail.com,Clean,info,99.0,0.333,13.8,34.5,0.744,0.701,90.7,1.0,4.0
2025-12-13 11:00:00,inspector_m@yahoo.com,Snow-covered,warning,93.5,0.403,15.2,41.2,0.61,0.577,43.8,0.72,6.0
2025-12-15 11:41:00,nora.renewables@hotmail.com,Clean,info,94.9,0.492,17.6,44.2,1.486,1.402,87.1,10.0,11.0
2025-12-19 11:00:00,solar.ops.ksa@gmail.com,Electrical-damage,critical,98.9,0.491,16.2,39.9,0.497,0.472,29.4,0.4,5.0
2025-12-21 13:36:00,nora.renewables@hotmail.com,Electrical-damage,critical,99.0,0.533,17.7,45.0,0.516,0.487,26.3,8.0,3.0
2025-12-22 16:39:00,inspector_m@yahoo.com,Bird-drop,warning,92.5,0.338,17.6,38.1,0.645,0.614,78.3,3.0,7.0
2025-12-24 16:08:00,pvtech.uae@gmail.com,Clean,info,98.4,0.295,15.3,39.4,0.645,0.605,88.4,0.4,6.0
2025-12-28 09:56:00,green.energy.eg@gmail.com,Dusty,info,93.5,0.335,16.2,35.5,0.565,0.542,69.7,10.0,10.0
2025-12-28 11:12:00,inspector_m@yahoo.com,Physical-damage,critical,96.5,0.43,14.1,37.6,0.725,0.682,48.5,0.6,8.0
2025-12-28 17:34:00,pvtech.uae@gmail.com,Snow-covered,warning,89.5,0.22,15.0,35.2,0.187,0.175,48.9,0.45,7.0
2025-12-29 14:40:00,maintenance01@solarfarm.com,Dusty,info,84.6,0.446,14.5,37.7,1.152,1.098,75.2,1.5,19.0
2025-12-31 18:34:00,nora.renewables@hotmail.com,Bird-drop,warning,84.8,0.126,18.3,34.9,0.093,0.087,82.4,0.5,12.0
2026-01-01 11:34:00,fatima.pv@outlook.com,Clean,info,92.4,0.542,17.7,46.4,1.622,1.546,87.2,8.0,4.0
2026-01-01 14:57:00,fatima.pv@outlook.com,Bird-drop,warning,86.0,0.513,14.4,37.0,1.476,1.389,82.7,0.72,5.0
2026-01-02 14:10:00,green.energy.eg@gmail.com,Clean,info,90.9,0.491,16.4,39.7,1.512,1.413,87.9,1.5,7.0
2026-01-03 17:33:00,inspector_m@yahoo.com,Bird-drop,warning,88.8,0.234,14.1,36.8,0.315,0.296,77.8,10.0,3.0
2026-01-06 16:00:00,solar.ops.ksa@gmail.com,Dusty,info,88.1,0.321,17.3,39.1,0.601,0.567,76.1,10.0,11.0
2026-01-08 11:57:00,inspector_m@yahoo.com,Dusty,info,93.9,0.439,16.0,38.0,1.071,1.027,71.5,2.0,11.0
2026-01-09 08:17:00,nora.renewables@hotmail.com,Dusty,info,86.1,0.253,15.3,37.4,0.359,0.343,83.4,5.0,6.0
2026-01-09 17:07:00,nora.renewables@hotmail.com,Bird-drop,warning,83.0,0.235,15.9,37.3,0.331,0.313,81.9,1.5,14.0
2026-01-11 11:09:00,maintenance01@solarfarm.com,Snow-covered,warning,86.2,0.503,16.1,38.4,0.705,0.658,40.0,10.0,8.0
2026-01-11 18:08:00,solarcheck.qa@gmail.com,Electrical-damage,critical,93.1,0.138,14.8,33.6,0.038,0.036,31.1,8.0,5.0
2026-01-13 08:07:00,maintenance01@solarfarm.com,Bird-drop,warning,96.6,0.262,14.6,36.4,0.379,0.356,83.5,0.72,9.0
2026-01-13 13:02:00,maintenance01@solarfarm.com,Snow-covered,warning,87.3,0.569,15.9,40.1,0.583,0.558,28.2,0.6,10.0
2026-01-13 15:26:00,solarcheck.qa@gmail.com,Electrical-damage,critical,89.2,0.418,14.0,38.6,0.592,0.564,46.8,1.5,10.0
2026-01-13 17:11:00,fatima.pv@outlook.com,Physical-damage,critical,90.1,0.264,16.8,36.2,0.215,0.201,46.8,1.0,18.0
2026-01-13 18:48:00,solar.ops.ksa@gmail.com,Bird-drop,warning,87.6,0.113,15.8,36.5,0.079,0.075,79.2,3.0,15.0
2026-01-14 08:31:00,reemya185@gmail.com,Clean,info,91.1,0.277,16.0,38.1,0.427,0.402,89.2,1.0,7.0
2026-01-15 14:32:00,nora.renewables@hotmail.com,Bird-drop,warning,93.2,0.515,15.8,41.6,1.45,1.38,81.9,0.6,7.0
2026-01-18 18:05:00,nora.renewables@hotmail.com,Clean,info,97.8,0.122,15.0,30.4,0.1,0.094,92.0,3.0,2.0
2026-01-19 17:08:00,nora.renewables@hotmail.com,Snow-covered,warning,88.0,0.22,12.1,35.0,0.073,0.069,19.3,0.33,7.0
2026-01-19 17:34:00,solar.ops.ksa@gmail.com,Dusty,info,94.9,0.228,17.1,35.6,0.325,0.31,83.6,0.33,5.0
2026-01-21 10:48:00,pvtech.uae@gmail.com,Dusty,info,92.6,0.464,12.9,39.1,1.026,0.962,72.0,0.33,4.0
2026-01-25 15:42:00,solar.ops.ksa@gmail.com,Dusty,info,84.1,0.475,13.6,37.8,1.131,1.056,77.2,3.0,12.0
2026-01-26 17:27:00,reemya185@gmail.com,Snow-covered,warning,91.6,0.234,12.3,32.7,0.145,0.139,36.5,0.5,2.0
2026-01-28 07:23:00,green.energy.eg@gmail.com,Physical-damage,critical,96.2,0.122,17.3,36.1,0.061,0.058,56.8,0.3,4.0
2026-01-29 07:11:00,green.energy.eg@gmail.com,Clean,info,93.7,0.14,16.3,32.2,0.114,0.108,92.1,0.45,9.0
2026-01-29 17:44:00,ahmed.solar@gmail.com,Dusty,info,90.1,0.274,14.6,33.5,0.353,0.329,73.8,0.3,8.0
2026-01-31 18:58:00,fatima.pv@outlook.com,Dusty,info,86.1,0.141,14.0,31.8,0.102,0.095,80.4,0.45,7.0
2026-02-01 09:03:00,green.energy.eg@gmail.com,Dusty,info,90.2,0.362,19.5,44.2,0.723,0.684,81.4,1.5,12.0
2026-02-02 08:12:00,reemya185@gmail.com,Clean,info,90.2,0.265,19.9,38.5,0.408,0.382,88.6,8.0,5.0
2026-02-03 08:09:00,green.energy.eg@gmail.com,Bird-drop,warning,85.8,0.317,14.3,38.9,0.435,0.41,79.5,3.0,5.0
2026-02-08 09:59:00,maintenance01@solarfarm.com,Electrical-damage,critical,98.3,0.447,19.3,43.1,0.632,0.6,57.8,0.5,8.0
2026-02-10 08:15:00,inspector_m@yahoo.com,Bird-drop,warning,84.6,0.29,17.9,37.0,0.404,0.377,79.9,10.0,4.0
2026-02-11 14:06:00,pvtech.uae@gmail.com,Physical-damage,critical,93.8,0.573,17.4,46.0,1.347,1.27,67.7,2.0,10.0
2026-02-13 07:33:00,nora.renewables@hotmail.com,Electrical-damage,critical,91.6,0.145,14.3,30.9,0.059,0.056,46.1,0.4,15.0
2026-02-13 10:03:00,inspector_m@yahoo.com,Bird-drop,warning,84.4,0.525,15.2,43.0,1.223,1.149,76.0,10.0,12.0
2026-02-14 10:34:00,green.energy.eg@gmail.com,Bird-drop,warning,85.1,0.454,15.9,38.8,1.194,1.142,87.3,8.0,13.0
2026-02-17 11:51:00,maintenance01@solarfarm.com,Clean,info,91.1,0.528,19.9,43.3,1.601,1.514,87.6,0.5,3.0
2026-02-18 11:45:00,reemya185@gmail.com,Dusty,info,80.9,0.515,14.2,40.3,1.417,1.346,79.9,1.0,7.0
2026-02-19 13:32:00,pvtech.uae@gmail.com,Dusty,info,86.4,0.585,15.8,40.7,1.706,1.602,78.8,0.72,14.0
2026-02-19 18:07:00,solarcheck.qa@gmail.com,Dusty,info,85.3,0.151,17.4,33.8,0.104,0.098,77.5,10.0,12.0
2026-02-21 07:51:00,green.energy.eg@gmail.com,Clean,info,96.6,0.148,18.5,39.0,0.117,0.111,89.5,0.25,9.0
2026-02-22 07:27:00,pvtech.uae@gmail.com,Bird-drop,warning,88.1,0.153,15.6,33.8,0.11,0.103,80.4,2.0,9.0
2026-02-22 09:07:00,ahmed.solar@gmail.com,Dusty,info,81.7,0.371,14.2,35.0,0.723,0.685,79.6,5.0,6.0
2026-02-22 17:11:00,pvtech.uae@gmail.com,Clean,info,92.3,0.307,18.2,39.6,0.47,0.439,87.9,1.0,6.0
2026-02-23 08:14:00,green.energy.eg@gmail.com,Dusty,info,86.4,0.311,17.7,41.1,0.436,0.412,81.4,5.0,3.0
2026-02-24 14:54:00,reemya185@gmail.com,Dusty,info,90.3,0.495,19.5,42.1,1.411,1.337,82.5,0.5,14.0
2026-02-26 17:01:00,solarcheck.qa@gmail.com,Physical-damage,critical,94.6,0.269,18.3,36.5,0.255,0.24,54.9,0.45,6.0
2026-02-27 10:29:00,solar.ops.ksa@gmail.com,Electrical-damage,critical,94.7,0.511,18.6,45.7,0.575,0.547,37.2,5.0,20.0
2026-02-27 11:52:00,maintenance01@solarfarm.com,Clean,info,93.3,0.587,15.3,43.1,1.782,1.672,87.0,8.0,1.0
2026-02-28 15:13:00,pvtech.uae@gmail.com,Bird-drop,warning,89.1,0.46,14.1,36.2,1.172,1.122,84.7,0.25,11.0
2026-03-03 14:51:00,reemya185@gmail.com,Clean,info,96.0,0.729,23.2,49.6,2.151,2.005,84.0,0.45,8.0
2026-03-04 10:09:00,solar.ops.ksa@gmail.com,Physical-damage,critical,93.4,0.58,21.2,46.8,0.804,0.757,45.3,0.72,3.0
2026-03-04 10:44:00,ahmed.solar@gmail.com,Clean,info,94.6,0.637,23.1,51.6,1.64,1.555,84.7,2.0,9.0
2026-03-07 09:10:00,solarcheck.qa@gmail.com,Clean,info,97.4,0.489,19.8,47.1,1.035,0.993,87.5,0.25,10.0
2026-03-08 16:06:00,solar.ops.ksa@gmail.com,Dusty,info,95.4,0.501,21.9,48.1,0.803,0.766,65.9,0.6,10.0
2026-03-09 10:17:00,solar.ops.ksa@gmail.com,Bird-drop,warning,83.4,0.542,22.0,46.6,1.26,1.192,76.4,3.0,10.0
2026-03-09 10:49:00,fatima.pv@outlook.com,Bird-drop,warning,92.5,0.538,21.2,49.2,1.33,1.263,81.5,3.0,10.0
2026-03-10 12:21:00,reemya185@gmail.com,Snow-covered,warning,85.8,0.726,23.3,54.3,0.793,0.754,29.9,0.3,11.0
2026-03-10 17:23:00,fatima.pv@outlook.com,Physical-damage,critical,91.1,0.365,20.9,45.3,0.313,0.296,49.9,0.25,7.0
2026-03-11 07:59:00,solarcheck.qa@gmail.com,Dusty,info,85.6,0.178,21.0,41.0,0.109,0.102,68.4,0.72,17.0
2026-03-11 16:42:00,ahmed.solar@gmail.com,Clean,info,89.2,0.421,20.0,46.1,0.895,0.839,85.9,0.6,8.0
2026-03-12 17:08:00,ahmed.solar@gmail.com,Clean,info,95.6,0.346,18.8,42.3,0.524,0.502,89.2,0.25,6.0
2026-03-13 13:30:00,reemya185@gmail.com,Bird-drop,warning,91.7,0.679,19.6,46.1,1.928,1.822,77.2,0.4,20.0
2026-03-15 11:12:00,solarcheck.qa@gmail.com,Clean,info,95.2,0.609,19.1,47.7,1.812,1.706,85.6,0.6,6.0
2026-03-15 16:32:00,solarcheck.qa@gmail.com,Dusty,info,80.5,0.45,18.3,40.1,0.921,0.871,83.4,0.72,7.0
2026-03-16 15:37:00,solar.ops.ksa@gmail.com,Bird-drop,warning,83.6,0.595,20.2,46.7,1.445,1.377,80.3,10.0,10.0
2026-03-17 08:06:00,nora.renewables@hotmail.com,Electrical-damage,critical,93.9,0.364,18.9,41.0,0.262,0.251,42.4,0.45,11.0
2026-03-17 11:51:00,green.energy.eg@gmail.com,Clean,info,88.9,0.635,22.7,49.2,1.877,1.798,86.5,3.0,6.0
2026-03-17 15:44:00,fatima.pv@outlook.com,Electrical-damage,critical,87.1,0.649,21.2,46.9,0.741,0.696,37.2,1.0,2.0
2026-03-18 14:55:00,green.energy.eg@gmail.com,Dusty,info,91.4,0.685,21.8,48.3,1.542,1.454,64.9,10.0,8.0
2026-03-18 14:58:00,solarcheck.qa@gmail.com,Physical-damage,critical,94.8,0.596,19.1,45.8,1.076,1.015,52.0,2.0,9.0
2026-03-19 16:33:00,reemya185@gmail.com,Dusty,info,86.5,0.441,23.4,44.4,0.832,0.777,75.9,10.0,10.0
2026-03-20 08:16:00,maintenance01@solarfarm.com,Dusty,info,85.2,0.31,22.2,41.2,0.429,0.407,80.7,0.72,6.0
2026-03-20 12:12:00,ahmed.solar@gmail.com,Physical-damage,critical,90.5,0.621,21.7,51.8,0.953,0.893,41.4,1.5,12.0
2026-03-21 10:48:00,ahmed.solar@gmail.com,Dusty,info,91.3,0.586,18.0,46.1,1.431,1.334,79.0,0.6,11.0
2026-03-22 08:33:00,solar.ops.ksa@gmail.com,Clean,info,90.8,0.35,18.5,40.3,0.534,0.511,89.8,0.4,13.0
2026-03-22 16:41:00,inspector_m@yahoo.com,Electrical-damage,critical,89.8,0.512,20.5,47.4,0.339,0.32,26.9,2.0,11.0
2026-03-23 11:35:00,reemya185@gmail.com,Dusty,info,81.0,0.574,18.4,44.1,1.407,1.33,70.8,3.0,10.0
2026-03-23 17:42:00,fatima.pv@outlook.com,Electrical-damage,critical,88.1,0.304,20.7,45.1,0.317,0.302,61.1,1.5,8.0
2026-03-24 09:27:00,reemya185@gmail.com,Snow-covered,warning,86.9,0.445,21.1,42.6,0.5,0.471,45.6,0.33,13.0
2026-03-25 10:47:00,ahmed.solar@gmail.com,Clean,info,93.9,0.593,18.5,42.6,1.588,1.522,89.1,0.5,5.0
2026-03-25 16:18:00,solar.ops.ksa@gmail.com,Snow-covered,warning,97.3,0.411,21.5,46.0,0.392,0.365,38.3,5.0,9.0
2026-03-29 16:56:00,fatima.pv@outlook.com,Dusty,info,85.1,0.437,19.5,45.8,0.861,0.808,79.7,0.45,11.0
2026-03-31 07:58:00,inspector_m@yahoo.com,Snow-covered,warning,93.2,0.177,18.5,35.9,0.083,0.079,53.3,2.0,11.0
2026-03-31 17:38:00,pvtech.uae@gmail.com,Clean,info,88.8,0.304,21.1,40.2,0.464,0.437,88.4,0.3,4.0
2026-03-31 18:23:00,solarcheck.qa@gmail.com,Clean,info,89.8,0.187,22.4,42.4,0.146,0.138,88.1,0.3,6.0
2026-04-28 23:42:00,reemya185@gmail.com,Dusty,info,99.2,0.494,24.7,50.1,0.825,0.781,73.2,8.0,12.0
2026-04-28 23:51:00,reemya185@gmail.com,Physical-damage,critical,87.3,0.494,24.7,50.1,0.825,0.781,73.2,0.33,8.0
2026-04-28 23:51:00,reemya185@gmail.com,Physical-damage,critical,79.9,0.494,24.7,50.1,0.825,0.781,73.2,0.3,4.0
2026-04-28 23:51:00,reemya185@gmail.com,Bird-drop,warning,99.6,0.494,24.7,50.1,0.825,0.781,73.2,5.0,11.0
2026-04-28 23:51:00,reemya185@gmail.com,Physical-damage,critical,66.8,0.494,24.7,50.1,0.825,0.781,73.2,0.5,15.0
2026-04-28 23:53:00,reemya185@gmail.com,Dusty,info,100.0,0.494,24.7,50.1,0.825,0.781,73.2,0.3,13.0
2026-04-29 00:14:00,reemya185@gmail.com,Clean,info,100.0,0.494,24.7,50.1,0.825,0.781,73.2,0.72,8.0
2026-04-29 06:29:00,reemya185@gmail.com,Clean,info,97.2,0.494,24.7,50.1,0.825,0.781,73.2,10.0,4.0
2026-04-29 06:36:00,reemya185@gmail.com,Dusty,info,100.0,0.5,33.0,23.0,0.825,0.781,73.2,0.3,5.0
2026-04-29 14:52:37,reemya185@gmail.com,Dusty,info,93.7,0.393,31.8,51.3,0.599,0.57,56.6,2.0,7.0
2026-04-29 15:23:47,reemya185@gmail.com,Electrical-damage,critical,100.0,0.61,29.3,64.9,0.216,0.287,27.6,0.33,2.0
2026-04-29 15:31:12,reemya185@gmail.com,Physical-damage,critical,99.8,1.5,24.0,28.0,0.494,0.363,39.6,1.0,5.0
2026-04-29 15:46:05,reemya185@gmail.com,Snow-covered,warning,98.8,0.494,24.7,50.1,0.825,0.781,73.2,0.6,3.0
2026-04-29 21:18:33,reemya185@gmail.com,Clean,info,99.9,0.494,24.7,50.1,0.825,0.781,73.2,8.0,10.0
2026-04-29 22:18:09,reemya185@gmail.com,Bird-drop,warning,100.0,0.494,24.7,50.1,0.825,0.781,73.2,10.0,10.0
2026-04-30 02:39:58,reemya185@gmail.com,Physical-damage,critical,89.6,0.494,24.7,50.1,0.825,0.781,73.2,0.4,10.0
2026-04-30 02:50:03,reemya185@gmail.com,Clean,info,100.0,0.494,24.7,50.1,0.825,0.781,73.2,1.5,7.0
2026-04-30 03:06:24,reemya185@gmail.com,Snow-covered,warning,100.0,0.494,24.7,50.1,0.825,0.781,73.2,0.72,11.0
2026-04-30 03:13:17,reemya185@gmail.com,Electrical-damage,critical,100.0,0.421,23.8,47.2,0.512,0.489,39.4,0.72,8.0
2026-05-03 02:25:51,reemyasser1854@gmail.com,Electrical-damage,critical,76.6,0.388,22.5,45.6,0.438,0.416,37.8,1.0,6.0
2026-05-04 11:46:48,reemya185@gmail.com,Electrical-damage,critical,99.6,0.582,27.3,53.1,0.621,0.591,43.2,0.45,11.0
2026-05-09 06:40:30,reemya185@gmail.com,Physical-damage,critical,99.9,0.314,20.9,41.7,0.583,0.551,48.6,0.6,9.0
